-- Supabase data dump generated by scripts/export-supabase-data.mjs
-- Exported at: 2026-04-23T05:02:29.912Z
BEGIN;

-- Table: public.training_templates (1 rows)
INSERT INTO public.training_templates ("id", "slug", "title", "version", "target_audience", "is_active", "created_at", "updated_at")
VALUES
('07da6d89-d302-42ff-919d-d9402a2808be', 'pharma-internship-speaking-advanced-6w', 'Pharmaceutical Internship - English Speaking Training Template', 'Advanced - 6 Weeks Program', 'Vietnamese Instructor -> American Students', TRUE, '2026-04-22T08:48:20.56321+00:00', '2026-04-22T08:54:54.096604+00:00')
ON CONFLICT DO NOTHING;

-- Table: public.template_sections (21 rows)
INSERT INTO public.template_sections ("id", "template_id", "section_key", "week_no", "track_no", "title", "section_type", "sort_order", "notes", "is_active", "created_at", "updated_at")
VALUES
('32c18f33-46c9-4733-9d7a-b75c8fc2195b', '07da6d89-d302-42ff-919d-d9402a2808be', 'overview', NULL, NULL, 'Overview', 'overview', 10, NULL, TRUE, '2026-04-22T08:48:20.56321+00:00', '2026-04-22T08:54:54.096604+00:00'),
('4b1f177e-b61b-4721-bb94-10e71dc50c4e', '07da6d89-d302-42ff-919d-d9402a2808be', 'how_to_use', NULL, NULL, 'How To Use (For App Logic)', 'usage', 20, 'Each line can be played via speaker icon for pronunciation drills.', TRUE, '2026-04-22T08:48:20.56321+00:00', '2026-04-22T08:54:54.096604+00:00'),
('c1e0c406-374b-4a0b-a715-d1d3f57ff41a', '07da6d89-d302-42ff-919d-d9402a2808be', 'w1_track1_greeting', 1, 1, 'Track 1 - Greeting', 'track', 101, 'Speak slowly, friendly tone, smile when speaking.', TRUE, '2026-04-22T08:48:20.56321+00:00', '2026-04-22T08:54:54.096604+00:00'),
('0891264c-262b-4eb3-851d-ecdb7987ef4e', '07da6d89-d302-42ff-919d-d9402a2808be', 'w1_track2_program_intro', 1, 2, 'Track 2 - Program Introduction', 'track', 102, 'Stress phrase: real-world experience. Pause naturally after each line.', TRUE, '2026-04-22T08:48:20.56321+00:00', '2026-04-22T08:54:54.096604+00:00'),
('8a9923f7-8a3d-48b9-8d3a-7567c5a091e1', '07da6d89-d302-42ff-919d-d9402a2808be', 'w1_roleplay_ice_breaking', 1, NULL, 'Roleplay 1 - Ice Breaking', 'roleplay', 103, NULL, TRUE, '2026-04-22T08:48:20.56321+00:00', '2026-04-22T08:54:54.096604+00:00'),
('0a040557-ae37-437e-9598-6d8e9a8521e9', '07da6d89-d302-42ff-919d-d9402a2808be', 'w2_track3_qc_intro', 2, 3, 'Track 3 - Introduction QC', 'track', 201, 'Clear pronunciation, slightly slower pace.', TRUE, '2026-04-22T08:48:20.56321+00:00', '2026-04-22T08:54:54.096604+00:00'),
('62cb06a6-3b35-4c5a-a4fd-84c93b0bd7ba', '07da6d89-d302-42ff-919d-d9402a2808be', 'w2_track4_qc_instruction', 2, 4, 'Track 4 - Instruction', 'track', 202, 'Emphasize calibrate and record. Command tone but friendly.', TRUE, '2026-04-22T08:48:20.56321+00:00', '2026-04-22T08:54:54.096604+00:00'),
('e8062ecc-bef9-4ed9-b003-59dd2ce3fdaa', '07da6d89-d302-42ff-919d-d9402a2808be', 'w2_roleplay_qc_question', 2, NULL, 'Roleplay 2 - QC Question', 'roleplay', 203, NULL, TRUE, '2026-04-22T08:48:20.56321+00:00', '2026-04-22T08:54:54.096604+00:00'),
('6fc14239-378f-4683-b3db-50bea4a8357d', '07da6d89-d302-42ff-919d-d9402a2808be', 'w3_track5_rd_intro', 3, 5, 'Track 5 - Introduction R&D', 'track', 301, 'Natural tone, slight upward intonation.', TRUE, '2026-04-22T08:48:20.56321+00:00', '2026-04-22T08:54:54.096604+00:00'),
('5956eaec-ffa4-46bc-820d-25b51e28c401', '07da6d89-d302-42ff-919d-d9402a2808be', 'w3_roleplay_formulation', 3, NULL, 'Roleplay 3 - Formulation', 'roleplay', 302, NULL, TRUE, '2026-04-22T08:48:20.56321+00:00', '2026-04-22T08:54:54.096604+00:00'),
('fc26cb77-e632-42b0-a8e5-39b57dda0c9a', '07da6d89-d302-42ff-919d-d9402a2808be', 'w4_track6_gmp_intro', 4, 6, 'Track 6 - GMP Introduction', 'track', 401, 'Serious tone, slightly slower speed.', TRUE, '2026-04-22T08:48:20.56321+00:00', '2026-04-22T08:54:54.096604+00:00'),
('4c4e41cf-3dcd-49e8-9a58-8ed3bafc7ea4', '07da6d89-d302-42ff-919d-d9402a2808be', 'w4_roleplay_gmp', 4, NULL, 'Roleplay 4 - GMP', 'roleplay', 402, NULL, TRUE, '2026-04-22T08:48:20.56321+00:00', '2026-04-22T08:54:54.096604+00:00'),
('551798f1-1440-40e0-a7e5-519451150939', '07da6d89-d302-42ff-919d-d9402a2808be', 'w5_track7_warehouse_intro', 5, 7, 'Track 7 - Warehouse Introduction', 'track', 501, 'Clear and steady pacing.', TRUE, '2026-04-22T08:48:20.56321+00:00', '2026-04-22T08:54:54.096604+00:00'),
('6eac4f26-e145-4973-8c3b-cb76c4eeb7c9', '07da6d89-d302-42ff-919d-d9402a2808be', 'w5_roleplay_inventory', 5, NULL, 'Roleplay 5 - Inventory', 'roleplay', 502, NULL, TRUE, '2026-04-22T08:48:20.56321+00:00', '2026-04-22T08:54:54.096604+00:00'),
('76298872-c07a-42aa-ac5f-367c33fe7de1', '07da6d89-d302-42ff-919d-d9402a2808be', 'w6_track8_presentation_guide', 6, 8, 'Track 8 - Presentation Guide', 'track', 601, 'Coaching tone and encouraging attitude.', TRUE, '2026-04-22T08:48:20.56321+00:00', '2026-04-22T08:54:54.096604+00:00'),
('3edaa908-a9d2-4107-ac04-9a77f339818e', '07da6d89-d302-42ff-919d-d9402a2808be', 'w6_roleplay_feedback', 6, NULL, 'Roleplay 6 - Feedback', 'roleplay', 602, NULL, TRUE, '2026-04-22T08:48:20.56321+00:00', '2026-04-22T08:54:54.096604+00:00'),
('7fea590a-72fb-44d4-8a0e-6e3f7b345e15', '07da6d89-d302-42ff-919d-d9402a2808be', 'master_phrases', NULL, NULL, 'Master Phrases', 'master_phrase', 700, NULL, TRUE, '2026-04-22T08:48:20.56321+00:00', '2026-04-22T08:54:54.096604+00:00'),
('53b78f19-5077-4515-a8e3-ce42b848a850', '07da6d89-d302-42ff-919d-d9402a2808be', 'advanced_pattern', NULL, NULL, 'Advanced Thinking Pattern', 'practice', 710, 'Pattern: Explain -> Example -> Confirm', TRUE, '2026-04-22T08:48:20.56321+00:00', '2026-04-22T08:54:54.096604+00:00'),
('8cfdc22a-d703-47c8-bd2b-94701a02bbcd', '07da6d89-d302-42ff-919d-d9402a2808be', 'daily_practice_loop', NULL, NULL, 'Daily Practice Mode Loop', 'practice', 720, NULL, TRUE, '2026-04-22T08:48:20.56321+00:00', '2026-04-22T08:54:54.096604+00:00'),
('c380ca71-0480-40b5-ad19-95fe317cc67a', '07da6d89-d302-42ff-919d-d9402a2808be', 'scenario_1_mistake', NULL, NULL, 'Scenario 1 - Mistake', 'scenario', 730, NULL, TRUE, '2026-04-22T08:48:20.56321+00:00', '2026-04-22T08:54:54.096604+00:00'),
('d0da1418-3e7f-4dc4-9339-4e38ac3968ac', '07da6d89-d302-42ff-919d-d9402a2808be', 'scenario_2_challenging', NULL, NULL, 'Scenario 2 - Challenging Question', 'scenario', 740, NULL, TRUE, '2026-04-22T08:48:20.56321+00:00', '2026-04-22T08:54:54.096604+00:00')
ON CONFLICT DO NOTHING;

-- Table: public.template_lines (138 rows)
INSERT INTO public.template_lines ("id", "section_id", "line_no", "role_label", "line_kind", "language_code", "text_content", "is_active", "created_at")
VALUES
('9b709301-dab0-4b9b-a4da-17dd7e96a7c8', '32c18f33-46c9-4733-9d7a-b75c8fc2195b', 1, NULL, 'text', 'en', 'This training is designed to help instructors communicate effectively with American pharmacy students during a 6-week internship program.', TRUE, '2026-04-22T08:48:20.56321+00:00'),
('e828759b-4dc6-4712-9bf1-724bbc8cb291', '32c18f33-46c9-4733-9d7a-b75c8fc2195b', 2, NULL, 'bullet', 'en', 'Daily Communication', TRUE, '2026-04-22T08:48:20.56321+00:00'),
('6103f05f-b253-45bc-bdb4-31dc22ca7704', '32c18f33-46c9-4733-9d7a-b75c8fc2195b', 3, NULL, 'bullet', 'en', 'Lab (QC / R&D)', TRUE, '2026-04-22T08:48:20.56321+00:00'),
('bc6777b6-0096-4415-8b1c-45a13e8620ad', '32c18f33-46c9-4733-9d7a-b75c8fc2195b', 4, NULL, 'bullet', 'en', 'Production (GMP)', TRUE, '2026-04-22T08:48:20.56321+00:00'),
('92a0f4dd-57a6-46e1-81e9-0db689bca0a8', '32c18f33-46c9-4733-9d7a-b75c8fc2195b', 5, NULL, 'bullet', 'en', 'Warehouse', TRUE, '2026-04-22T08:48:20.56321+00:00'),
('b4493ae8-5a21-47f4-bba3-7c5ba91d7b9f', '32c18f33-46c9-4733-9d7a-b75c8fc2195b', 6, NULL, 'bullet', 'en', 'Presentation and Feedback', TRUE, '2026-04-22T08:48:20.56321+00:00'),
('f03c6772-8071-40e2-a3a7-258624cdb332', '32c18f33-46c9-4733-9d7a-b75c8fc2195b', 7, NULL, 'bullet', 'en', 'Roleplay and Real Scenarios', TRUE, '2026-04-22T08:48:20.56321+00:00'),
('80c48deb-e63b-4d3d-9169-a1c116e3fac4', '4b1f177e-b61b-4721-bb94-10e71dc50c4e', 1, NULL, 'bullet', 'en', 'TEXT: for reading and TTS', TRUE, '2026-04-22T08:48:20.56321+00:00'),
('b90be45b-f6a5-4939-8527-f54ddbb614b1', '4b1f177e-b61b-4721-bb94-10e71dc50c4e', 2, NULL, 'bullet', 'en', 'NOTE: speaking tips', TRUE, '2026-04-22T08:48:20.56321+00:00'),
('bd26fb3f-b20a-4b98-9ec6-42553d5e647f', '4b1f177e-b61b-4721-bb94-10e71dc50c4e', 3, NULL, 'bullet', 'en', 'ROLEPLAY: interactive mode', TRUE, '2026-04-22T08:48:20.56321+00:00'),
('98e83229-eff0-4525-b2e3-2c3ac0489da0', '4b1f177e-b61b-4721-bb94-10e71dc50c4e', 4, NULL, 'bullet', 'en', 'PRACTICE: repetition', TRUE, '2026-04-22T08:48:20.56321+00:00'),
('f852587c-880c-4432-8668-ccf11297d869', '4b1f177e-b61b-4721-bb94-10e71dc50c4e', 5, NULL, 'note', 'en', 'Recommended TTS speed: 0.85 to 0.95', TRUE, '2026-04-22T08:48:20.56321+00:00'),
('387ff066-f715-4c5c-b15f-556458b46a79', 'c1e0c406-374b-4a0b-a715-d1d3f57ff41a', 1, NULL, 'text', 'en', 'Good morning everyone.', TRUE, '2026-04-22T08:48:20.56321+00:00'),
('76a212a9-1469-4381-abea-3893163ad9c8', 'c1e0c406-374b-4a0b-a715-d1d3f57ff41a', 2, NULL, 'text', 'en', 'Welcome to our company.', TRUE, '2026-04-22T08:48:20.56321+00:00'),
('64058d76-6267-4a9b-9cee-9c45b99f7117', 'c1e0c406-374b-4a0b-a715-d1d3f57ff41a', 3, NULL, 'text', 'en', 'My name is [Your Name], and I will be guiding you throughout this internship.', TRUE, '2026-04-22T08:48:20.56321+00:00'),
('38afb70d-31f9-4c76-aae7-7a3954d91a15', 'c1e0c406-374b-4a0b-a715-d1d3f57ff41a', 4, NULL, 'text', 'en', 'We are very happy to have you here.', TRUE, '2026-04-22T08:48:20.56321+00:00'),
('6950073d-04dd-45cb-a7b1-f7f50499d034', '0891264c-262b-4eb3-851d-ecdb7987ef4e', 1, NULL, 'text', 'en', 'Over the next six weeks, you will rotate through different departments including QC, R&D, production, and warehouse.', TRUE, '2026-04-22T08:48:20.56321+00:00'),
('d9c00589-3021-45dc-b2c6-c71cd5a3f647', '0891264c-262b-4eb3-851d-ecdb7987ef4e', 2, NULL, 'text', 'en', 'The goal is to give you real-world experience.', TRUE, '2026-04-22T08:48:20.56321+00:00'),
('12ffc4f5-0def-42cc-998f-f63c323b265d', '8a9923f7-8a3d-48b9-8d3a-7567c5a091e1', 1, 'Instructor', 'instructor', 'en', 'Could you briefly introduce yourself?', TRUE, '2026-04-22T08:48:20.56321+00:00'),
('4a7f659c-e6fa-472e-a273-a1b82a5f88d5', '8a9923f7-8a3d-48b9-8d3a-7567c5a091e1', 2, 'Student', 'student', 'en', 'I am majoring in pharmacy.', TRUE, '2026-04-22T08:48:20.56321+00:00'),
('68accebe-9cf8-40fa-b819-0d3fe05da613', '8a9923f7-8a3d-48b9-8d3a-7567c5a091e1', 3, 'Instructor', 'instructor', 'en', 'That is great. What are you hoping to learn here?', TRUE, '2026-04-22T08:48:20.56321+00:00'),
('3a7a75af-1d72-4e13-a7c7-117e200c289f', '0a040557-ae37-437e-9598-6d8e9a8521e9', 1, NULL, 'text', 'en', 'This is the Quality Control lab.', TRUE, '2026-04-22T08:48:20.56321+00:00'),
('2e1418f7-7465-4296-9711-9f9285fd1e4c', '0a040557-ae37-437e-9598-6d8e9a8521e9', 2, NULL, 'text', 'en', 'Here, we test raw materials, in-process samples, and finished products.', TRUE, '2026-04-22T08:48:20.56321+00:00'),
('b4ce8eb2-b900-4f15-9999-48076116e157', '0a040557-ae37-437e-9598-6d8e9a8521e9', 3, NULL, 'text', 'en', 'Accuracy is very important in this lab.', TRUE, '2026-04-22T08:48:20.56321+00:00'),
('4d215c08-e84e-42f9-a3af-07837f254a20', '62cb06a6-3b35-4c5a-a4fd-84c93b0bd7ba', 1, NULL, 'text', 'en', 'Let us walk through the process together.', TRUE, '2026-04-22T08:48:20.56321+00:00'),
('f74d674d-7e5b-4678-94c1-66ff88b324a2', '62cb06a6-3b35-4c5a-a4fd-84c93b0bd7ba', 2, NULL, 'text', 'en', 'First, calibrate the instrument.', TRUE, '2026-04-22T08:48:20.56321+00:00'),
('9de5af28-bd96-4af7-900d-f37f0c9b8768', '62cb06a6-3b35-4c5a-a4fd-84c93b0bd7ba', 3, NULL, 'text', 'en', 'Then measure the sample.', TRUE, '2026-04-22T08:48:20.56321+00:00'),
('0dc47f82-83a9-4b90-8508-8771181c59b7', '62cb06a6-3b35-4c5a-a4fd-84c93b0bd7ba', 4, NULL, 'text', 'en', 'Record the results immediately.', TRUE, '2026-04-22T08:48:20.56321+00:00'),
('e97d60f3-8f07-4c31-934d-619ab27322e6', 'e8062ecc-bef9-4ed9-b003-59dd2ce3fdaa', 1, 'Student', 'student', 'en', 'Why do we need to calibrate every time?', TRUE, '2026-04-22T08:48:20.56321+00:00'),
('82fc816d-a965-46ee-be70-a1975a760100', 'e8062ecc-bef9-4ed9-b003-59dd2ce3fdaa', 2, 'Instructor', 'instructor', 'en', 'That is a great question. Calibration ensures accuracy. Even small deviations can affect the result.', TRUE, '2026-04-22T08:48:20.56321+00:00'),
('19c55db4-066b-435b-a32e-2b7f429e65d8', '6fc14239-378f-4683-b3db-50bea4a8357d', 1, NULL, 'text', 'en', 'This is the R&D lab.', TRUE, '2026-04-22T08:48:20.56321+00:00'),
('a6a92c3a-838e-4dd7-a4e6-05917e31ad7e', '6fc14239-378f-4683-b3db-50bea4a8357d', 2, NULL, 'text', 'en', 'We focus on developing new formulations, improving stability, and ensuring product effectiveness.', TRUE, '2026-04-22T08:48:20.56321+00:00'),
('aa29863d-df8f-44ee-aa25-ba59fb4d0efa', '5956eaec-ffa4-46bc-820d-25b51e28c401', 1, 'Student', 'student', 'en', 'How do you choose excipients?', TRUE, '2026-04-22T08:48:20.56321+00:00'),
('714f34a1-5865-4f4c-bf8b-fd40deab8a11', '5956eaec-ffa4-46bc-820d-25b51e28c401', 2, 'Instructor', 'instructor', 'en', 'It depends on the formulation goals, such as stability, solubility, and release profile.', TRUE, '2026-04-22T08:48:20.56321+00:00'),
('f361bd3f-c8a6-4e4d-90b5-40cc6cd8483a', 'fc26cb77-e632-42b0-a8e5-39b57dda0c9a', 1, NULL, 'text', 'en', 'This is the production area.', TRUE, '2026-04-22T08:48:20.56321+00:00'),
('c3f59bdf-4268-4e11-8232-b855c9005f79', 'fc26cb77-e632-42b0-a8e5-39b57dda0c9a', 2, NULL, 'text', 'en', 'Everything here follows GMP regulations.', TRUE, '2026-04-22T08:48:20.56321+00:00'),
('ab375745-c6f5-4aa7-81b2-bc0efe96d57a', 'fc26cb77-e632-42b0-a8e5-39b57dda0c9a', 3, NULL, 'text', 'en', 'Please follow all SOPs carefully.', TRUE, '2026-04-22T08:48:20.56321+00:00'),
('bea8d7e1-2879-4715-953b-8dbe1397e671', '4c4e41cf-3dcd-49e8-9a58-8ed3bafc7ea4', 1, 'Student', 'student', 'en', 'Why is documentation so detailed?', TRUE, '2026-04-22T08:48:20.56321+00:00'),
('0088d39d-c1ff-4acb-b349-239469d56154', '4c4e41cf-3dcd-49e8-9a58-8ed3bafc7ea4', 2, 'Instructor', 'instructor', 'en', 'Because traceability is critical. We need to track every step in case of issues.', TRUE, '2026-04-22T08:48:20.56321+00:00'),
('37239ead-2841-4b22-8b7e-b9caf00c5d35', '551798f1-1440-40e0-a7e5-519451150939', 1, NULL, 'text', 'en', 'This is our warehouse.', TRUE, '2026-04-22T08:48:20.56321+00:00'),
('4d20cb4e-9120-4e16-8076-6dafe84d6135', '551798f1-1440-40e0-a7e5-519451150939', 2, NULL, 'text', 'en', 'We store materials under controlled conditions.', TRUE, '2026-04-22T08:48:20.56321+00:00'),
('55d90fd9-b367-4e56-aa65-6e96e3d7eeef', '551798f1-1440-40e0-a7e5-519451150939', 3, NULL, 'text', 'en', 'Temperature and humidity are monitored continuously.', TRUE, '2026-04-22T08:48:20.56321+00:00'),
('cddc39f8-c4a0-4309-ac2b-d809677ca272', '6eac4f26-e145-4973-8c3b-cb76c4eeb7c9', 1, 'Student', 'student', 'en', 'How do you manage inventory?', TRUE, '2026-04-22T08:48:20.56321+00:00'),
('e05ad828-2cf0-46ea-84ff-0e5155cc76c3', '6eac4f26-e145-4973-8c3b-cb76c4eeb7c9', 2, 'Instructor', 'instructor', 'en', 'We use a digital system to track everything in real time.', TRUE, '2026-04-22T08:48:20.56321+00:00'),
('8efb7ca2-5177-4eb9-a076-b059814f6156', '76298872-c07a-42aa-ac5f-367c33fe7de1', 1, NULL, 'text', 'en', 'You will present what you have learned.', TRUE, '2026-04-22T08:48:20.56321+00:00'),
('e15493ed-4fba-431c-be0e-5bd1d3b880d5', '76298872-c07a-42aa-ac5f-367c33fe7de1', 2, NULL, 'text', 'en', 'Keep your presentation clear and structured: introduction, process, and conclusion.', TRUE, '2026-04-22T08:48:20.56321+00:00'),
('22138ba8-9142-41df-a97c-5cc326dd9c02', '3edaa908-a9d2-4107-ac04-9a77f339818e', 1, 'Instructor', 'instructor', 'en', 'That was a solid presentation.', TRUE, '2026-04-22T08:48:20.56321+00:00'),
('37f86c2d-2248-4c52-bb16-5845431a7bd5', '3edaa908-a9d2-4107-ac04-9a77f339818e', 2, 'Instructor', 'instructor', 'en', 'One thing you could improve is explaining this part more clearly.', TRUE, '2026-04-22T08:48:20.56321+00:00'),
('c8700d86-be6b-4403-9c92-1ae1b2fc2542', '3edaa908-a9d2-4107-ac04-9a77f339818e', 3, 'Instructor', 'instructor', 'en', 'But overall, great job.', TRUE, '2026-04-22T08:48:20.56321+00:00'),
('3d2d7ce2-f08f-49a5-988d-199777adf39d', '7fea590a-72fb-44d4-8a0e-6e3f7b345e15', 1, NULL, 'bullet', 'en', 'Let us walk through this.', TRUE, '2026-04-22T08:48:20.56321+00:00'),
('a32cd7d8-d6d7-4f25-aaa0-4b838c409a42', '7fea590a-72fb-44d4-8a0e-6e3f7b345e15', 2, NULL, 'bullet', 'en', 'Just make sure.', TRUE, '2026-04-22T08:48:20.56321+00:00'),
('506f3630-1998-44c0-9121-56f70cf9a5ad', '7fea590a-72fb-44d4-8a0e-6e3f7b345e15', 3, NULL, 'bullet', 'en', 'Go ahead and try.', TRUE, '2026-04-22T08:48:20.56321+00:00'),
('9de0d060-82d6-447d-824b-329bfe1a2f0c', '7fea590a-72fb-44d4-8a0e-6e3f7b345e15', 4, NULL, 'bullet', 'en', 'Does that make sense?', TRUE, '2026-04-22T08:48:20.56321+00:00'),
('2659d6bf-9670-41c0-b0c4-3f2feea010d1', '7fea590a-72fb-44d4-8a0e-6e3f7b345e15', 5, NULL, 'bullet', 'en', 'That is a great question.', TRUE, '2026-04-22T08:48:20.56321+00:00'),
('8fa08c34-8104-41d5-8775-cf6b3cabc53b', '7fea590a-72fb-44d4-8a0e-6e3f7b345e15', 6, NULL, 'bullet', 'en', 'Keep going.', TRUE, '2026-04-22T08:48:20.56321+00:00'),
('050298e4-ff52-46c4-93fc-e815577cb660', '53b78f19-5077-4515-a8e3-ce42b848a850', 1, NULL, 'practice', 'en', 'Explain -> Example -> Confirm', TRUE, '2026-04-22T08:48:20.56321+00:00'),
('fe6769b7-9e81-4d9f-b57d-6d03963f0103', '53b78f19-5077-4515-a8e3-ce42b848a850', 2, NULL, 'text', 'en', 'We test this parameter to ensure quality.', TRUE, '2026-04-22T08:48:20.56321+00:00'),
('969d0ad1-cf81-474a-93ca-c0a4435f524a', '53b78f19-5077-4515-a8e3-ce42b848a850', 3, NULL, 'text', 'en', 'For example, if the pH is too high, stability may be affected.', TRUE, '2026-04-22T08:48:20.56321+00:00'),
('4727aca4-b92f-44ea-94ff-3f0d802de986', '53b78f19-5077-4515-a8e3-ce42b848a850', 4, NULL, 'text', 'en', 'Does that make sense?', TRUE, '2026-04-22T08:48:20.56321+00:00'),
('dfcdbaa4-c465-4295-9e00-878a8ad97837', '8cfdc22a-d703-47c8-bd2b-94701a02bbcd', 1, NULL, 'practice', 'en', 'Listen (TTS)', TRUE, '2026-04-22T08:48:20.56321+00:00'),
('0459ec69-9be7-4c06-95dc-4c701d5c843b', '8cfdc22a-d703-47c8-bd2b-94701a02bbcd', 2, NULL, 'practice', 'en', 'Repeat', TRUE, '2026-04-22T08:48:20.56321+00:00'),
('205e7841-2749-4ece-b08d-6511deec2d11', '8cfdc22a-d703-47c8-bd2b-94701a02bbcd', 3, NULL, 'practice', 'en', 'Shadow', TRUE, '2026-04-22T08:48:20.56321+00:00'),
('a857174a-b2fb-4e04-8bdf-e2a85eb6ee59', '8cfdc22a-d703-47c8-bd2b-94701a02bbcd', 4, NULL, 'practice', 'en', 'Record voice', TRUE, '2026-04-22T08:48:20.56321+00:00'),
('9ac15a0b-1b5d-4f6e-a2a5-a140c63aa97a', '8cfdc22a-d703-47c8-bd2b-94701a02bbcd', 5, NULL, 'practice', 'en', 'Compare', TRUE, '2026-04-22T08:48:20.56321+00:00'),
('1da055c5-b52a-4580-b68f-58ca6fbeb942', 'c380ca71-0480-40b5-ad19-95fe317cc67a', 1, 'Instructor', 'instructor', 'en', 'I think you missed a step here.', TRUE, '2026-04-22T08:48:20.56321+00:00'),
('cc23cea8-fe24-4974-b8ad-1413ac46eb06', 'c380ca71-0480-40b5-ad19-95fe317cc67a', 2, 'Student', 'student', 'en', 'Oh, I see.', TRUE, '2026-04-22T08:48:20.56321+00:00'),
('d9e5e489-43cc-434f-821a-2a8a612f2b24', 'c380ca71-0480-40b5-ad19-95fe317cc67a', 3, 'Instructor', 'instructor', 'en', 'No problem. Let us go through it again.', TRUE, '2026-04-22T08:48:20.56321+00:00'),
('81fc6f2b-c602-4759-894d-58e95360485c', 'd0da1418-3e7f-4dc4-9339-4e38ac3968ac', 1, 'Student', 'student', 'en', 'Why do we not automate this process?', TRUE, '2026-04-22T08:48:20.56321+00:00'),
('244e133b-c67e-4597-b3c3-57435b0ab3e1', 'd0da1418-3e7f-4dc4-9339-4e38ac3968ac', 2, 'Instructor', 'instructor', 'en', 'That is a good point. In some cases we do, but manual control is still necessary.', TRUE, '2026-04-22T08:48:20.56321+00:00'),
('7a8f379f-ecb4-4bf7-8f9a-6bc44ab6e981', '32c18f33-46c9-4733-9d7a-b75c8fc2195b', 1, NULL, 'text', 'vi', 'Chương trình này được thiết kế để giúp giảng viên giao tiếp hiệu quả với sinh viên dược Mỹ trong chương trình thực tập 6 tuần.', TRUE, '2026-04-22T08:54:54.096604+00:00'),
('8b90304d-0379-4aeb-a042-e595e0b31cc3', '32c18f33-46c9-4733-9d7a-b75c8fc2195b', 2, NULL, 'bullet', 'vi', 'Giao tiếp hằng ngày', TRUE, '2026-04-22T08:54:54.096604+00:00'),
('9ea158b1-71a8-4c6d-a577-75a1fb03928f', '32c18f33-46c9-4733-9d7a-b75c8fc2195b', 3, NULL, 'bullet', 'vi', 'Phòng thí nghiệm (QC / R&D)', TRUE, '2026-04-22T08:54:54.096604+00:00'),
('287203d6-9b5b-435c-95e7-21af7d811666', '32c18f33-46c9-4733-9d7a-b75c8fc2195b', 4, NULL, 'bullet', 'vi', 'Sản xuất (GMP)', TRUE, '2026-04-22T08:54:54.096604+00:00'),
('46cdfee4-b4d3-4b6d-8a95-5ca12deac3b2', '32c18f33-46c9-4733-9d7a-b75c8fc2195b', 5, NULL, 'bullet', 'vi', 'Kho', TRUE, '2026-04-22T08:54:54.096604+00:00'),
('324ef987-1d33-4c1f-b342-6bf12d18b3f7', '32c18f33-46c9-4733-9d7a-b75c8fc2195b', 6, NULL, 'bullet', 'vi', 'Thuyết trình và phản hồi', TRUE, '2026-04-22T08:54:54.096604+00:00'),
('46efc064-98e3-4ad1-99e3-c4207475f3ae', '32c18f33-46c9-4733-9d7a-b75c8fc2195b', 7, NULL, 'bullet', 'vi', 'Đóng vai và tình huống thực tế', TRUE, '2026-04-22T08:54:54.096604+00:00'),
('d12fd431-cbb0-4a5b-bca0-b97d05866be9', '4b1f177e-b61b-4721-bb94-10e71dc50c4e', 1, NULL, 'bullet', 'vi', 'TEXT: dùng để đọc và TTS', TRUE, '2026-04-22T08:54:54.096604+00:00'),
('8ea0dc94-b1f1-4e81-b4ad-9c66cb439633', '4b1f177e-b61b-4721-bb94-10e71dc50c4e', 2, NULL, 'bullet', 'vi', 'NOTE: mẹo nói', TRUE, '2026-04-22T08:54:54.096604+00:00'),
('c640d5db-3c48-4963-a539-5641b4e83818', '4b1f177e-b61b-4721-bb94-10e71dc50c4e', 3, NULL, 'bullet', 'vi', 'ROLEPLAY: chế độ tương tác', TRUE, '2026-04-22T08:54:54.096604+00:00'),
('29f905b0-66c8-4ab6-b701-19c8923c880b', '4b1f177e-b61b-4721-bb94-10e71dc50c4e', 4, NULL, 'bullet', 'vi', 'PRACTICE: luyện lặp lại', TRUE, '2026-04-22T08:54:54.096604+00:00'),
('19e3a1e2-974c-4c1f-94bc-f9c22480752e', '4b1f177e-b61b-4721-bb94-10e71dc50c4e', 5, NULL, 'note', 'vi', 'Tốc độ TTS khuyến nghị: 0.85 đến 0.95', TRUE, '2026-04-22T08:54:54.096604+00:00'),
('73824485-48a5-41da-b367-acb84af452ea', 'c1e0c406-374b-4a0b-a715-d1d3f57ff41a', 1, NULL, 'text', 'vi', 'Chào buổi sáng mọi người.', TRUE, '2026-04-22T08:54:54.096604+00:00'),
('595f3b57-90d3-4143-aeeb-b2bc50824c33', 'c1e0c406-374b-4a0b-a715-d1d3f57ff41a', 2, NULL, 'text', 'vi', 'Chào mừng đến với công ty chúng tôi.', TRUE, '2026-04-22T08:54:54.096604+00:00'),
('b7c08052-afb9-4c8d-bf1e-5e64628c21de', 'c1e0c406-374b-4a0b-a715-d1d3f57ff41a', 3, NULL, 'text', 'vi', 'Tên tôi là [Tên của bạn], và tôi sẽ hướng dẫn các bạn trong suốt kỳ thực tập này.', TRUE, '2026-04-22T08:54:54.096604+00:00'),
('a5cbb6c8-94ad-4159-8ede-9920665f09bd', 'c1e0c406-374b-4a0b-a715-d1d3f57ff41a', 4, NULL, 'text', 'vi', 'Chúng tôi rất vui khi có các bạn ở đây.', TRUE, '2026-04-22T08:54:54.096604+00:00'),
('d579eeb0-826f-448d-80b5-46ff21ffbd89', '0891264c-262b-4eb3-851d-ecdb7987ef4e', 1, NULL, 'text', 'vi', 'Trong sáu tuần tới, các bạn sẽ luân phiên qua các bộ phận khác nhau gồm QC, R&D, sản xuất và kho.', TRUE, '2026-04-22T08:54:54.096604+00:00'),
('b08d2f97-f8c3-429d-ad80-848ba6837b9a', '0891264c-262b-4eb3-851d-ecdb7987ef4e', 2, NULL, 'text', 'vi', 'Mục tiêu là mang đến cho các bạn kinh nghiệm thực tế.', TRUE, '2026-04-22T08:54:54.096604+00:00'),
('85c35fd0-2dca-419b-bed2-53c6bbaa8d49', '8a9923f7-8a3d-48b9-8d3a-7567c5a091e1', 1, 'Instructor', 'instructor', 'vi', 'Bạn có thể giới thiệu ngắn gọn về bản thân không?', TRUE, '2026-04-22T08:54:54.096604+00:00'),
('b0e3582c-2fb0-4c3d-8ea7-b4b32ceb599e', '8a9923f7-8a3d-48b9-8d3a-7567c5a091e1', 2, 'Student', 'student', 'vi', 'Em học chuyên ngành dược.', TRUE, '2026-04-22T08:54:54.096604+00:00'),
('74815f26-a530-48de-ae40-4d0dc07c75a2', '8a9923f7-8a3d-48b9-8d3a-7567c5a091e1', 3, 'Instructor', 'instructor', 'vi', 'Tuyệt lắm. Bạn hy vọng học được điều gì ở đây?', TRUE, '2026-04-22T08:54:54.096604+00:00'),
('36c05366-8636-46ee-b460-c2d896835340', '0a040557-ae37-437e-9598-6d8e9a8521e9', 1, NULL, 'text', 'vi', 'Đây là phòng thí nghiệm Kiểm soát Chất lượng (QC).', TRUE, '2026-04-22T08:54:54.096604+00:00'),
('2c6e999b-7338-46bd-9787-847622c9af6a', '0a040557-ae37-437e-9598-6d8e9a8521e9', 2, NULL, 'text', 'vi', 'Tại đây, chúng ta kiểm tra nguyên liệu đầu vào, mẫu trong quá trình và thành phẩm.', TRUE, '2026-04-22T08:54:54.096604+00:00'),
('62b6d6b4-239a-4072-8ba5-2f1238e0aa8e', '0a040557-ae37-437e-9598-6d8e9a8521e9', 3, NULL, 'text', 'vi', 'Độ chính xác rất quan trọng trong phòng lab này.', TRUE, '2026-04-22T08:54:54.096604+00:00'),
('7733a39d-8d31-4b33-936e-5b2dc938a847', '62cb06a6-3b35-4c5a-a4fd-84c93b0bd7ba', 1, NULL, 'text', 'vi', 'Chúng ta cùng đi qua quy trình nhé.', TRUE, '2026-04-22T08:54:54.096604+00:00'),
('a6e5710e-aac1-44ef-8d96-44e64b93719b', '62cb06a6-3b35-4c5a-a4fd-84c93b0bd7ba', 2, NULL, 'text', 'vi', 'Trước tiên, hãy hiệu chuẩn thiết bị.', TRUE, '2026-04-22T08:54:54.096604+00:00'),
('4aebfd14-1bdf-4331-a399-e9dc5540e15c', '62cb06a6-3b35-4c5a-a4fd-84c93b0bd7ba', 3, NULL, 'text', 'vi', 'Sau đó đo mẫu.', TRUE, '2026-04-22T08:54:54.096604+00:00'),
('4d988b6c-d784-42d0-85e1-01a064fe5873', '62cb06a6-3b35-4c5a-a4fd-84c93b0bd7ba', 4, NULL, 'text', 'vi', 'Ghi lại kết quả ngay lập tức.', TRUE, '2026-04-22T08:54:54.096604+00:00'),
('0f922f4b-a4a7-46ef-8636-22424444dbd0', 'e8062ecc-bef9-4ed9-b003-59dd2ce3fdaa', 1, 'Student', 'student', 'vi', 'Vì sao chúng ta cần hiệu chuẩn mỗi lần vậy ạ?', TRUE, '2026-04-22T08:54:54.096604+00:00'),
('9ab5a2d5-0690-4171-9eca-9c94e77a024b', 'e8062ecc-bef9-4ed9-b003-59dd2ce3fdaa', 2, 'Instructor', 'instructor', 'vi', 'Đó là câu hỏi rất hay. Hiệu chuẩn giúp đảm bảo độ chính xác. Ngay cả sai lệch nhỏ cũng có thể ảnh hưởng kết quả.', TRUE, '2026-04-22T08:54:54.096604+00:00'),
('d891068c-96db-420c-8eac-d768f04bd3bf', '6fc14239-378f-4683-b3db-50bea4a8357d', 1, NULL, 'text', 'vi', 'Đây là phòng thí nghiệm R&D.', TRUE, '2026-04-22T08:54:54.096604+00:00'),
('9b0713df-5e32-4c45-b131-d0c91b3ba1e0', '6fc14239-378f-4683-b3db-50bea4a8357d', 2, NULL, 'text', 'vi', 'Chúng tôi tập trung phát triển công thức mới, cải thiện độ ổn định và bảo đảm hiệu quả sản phẩm.', TRUE, '2026-04-22T08:54:54.096604+00:00'),
('11d040e3-5499-47ce-a603-7ba9f4af77c3', '5956eaec-ffa4-46bc-820d-25b51e28c401', 1, 'Student', 'student', 'vi', 'Mình chọn tá dược như thế nào ạ?', TRUE, '2026-04-22T08:54:54.096604+00:00'),
('11573cdd-fd5d-490b-afac-95990fcf8956', '5956eaec-ffa4-46bc-820d-25b51e28c401', 2, 'Instructor', 'instructor', 'vi', 'Điều đó phụ thuộc vào mục tiêu bào chế, như độ ổn định, độ tan và hồ sơ giải phóng.', TRUE, '2026-04-22T08:54:54.096604+00:00'),
('fdc70c4d-1c9c-4615-8850-b7332db51530', 'fc26cb77-e632-42b0-a8e5-39b57dda0c9a', 1, NULL, 'text', 'vi', 'Đây là khu vực sản xuất.', TRUE, '2026-04-22T08:54:54.096604+00:00'),
('fe424a94-f43d-4ce6-a363-a2f9a618f959', 'fc26cb77-e632-42b0-a8e5-39b57dda0c9a', 2, NULL, 'text', 'vi', 'Mọi thứ ở đây đều tuân thủ quy định GMP.', TRUE, '2026-04-22T08:54:54.096604+00:00'),
('7378275a-cbd5-4bc9-961d-fd5021802ed7', 'fc26cb77-e632-42b0-a8e5-39b57dda0c9a', 3, NULL, 'text', 'vi', 'Vui lòng tuân thủ cẩn thận tất cả SOP.', TRUE, '2026-04-22T08:54:54.096604+00:00'),
('be654914-87af-458c-9f5b-5556178d6b43', '4c4e41cf-3dcd-49e8-9a58-8ed3bafc7ea4', 1, 'Student', 'student', 'vi', 'Vì sao tài liệu phải chi tiết đến vậy?', TRUE, '2026-04-22T08:54:54.096604+00:00'),
('e95d52b5-3f1c-4af5-8d48-984096c70481', '4c4e41cf-3dcd-49e8-9a58-8ed3bafc7ea4', 2, 'Instructor', 'instructor', 'vi', 'Vì khả năng truy xuất rất quan trọng. Chúng ta cần theo dõi từng bước trong trường hợp có sự cố.', TRUE, '2026-04-22T08:54:54.096604+00:00'),
('988ee1e0-9d09-47ae-8739-9003b514a4ab', '551798f1-1440-40e0-a7e5-519451150939', 1, NULL, 'text', 'vi', 'Đây là kho của chúng tôi.', TRUE, '2026-04-22T08:54:54.096604+00:00'),
('c778b44f-4147-46bc-bbb1-6c5d41544c2d', '551798f1-1440-40e0-a7e5-519451150939', 2, NULL, 'text', 'vi', 'Chúng tôi lưu trữ vật tư trong điều kiện được kiểm soát.', TRUE, '2026-04-22T08:54:54.096604+00:00'),
('312c1ad1-ab42-4d5a-a48c-235f17526795', '551798f1-1440-40e0-a7e5-519451150939', 3, NULL, 'text', 'vi', 'Nhiệt độ và độ ẩm được theo dõi liên tục.', TRUE, '2026-04-22T08:54:54.096604+00:00'),
('774e93c0-da5f-4435-9160-75beabe82c40', '6eac4f26-e145-4973-8c3b-cb76c4eeb7c9', 1, 'Student', 'student', 'vi', 'Mình quản lý tồn kho như thế nào ạ?', TRUE, '2026-04-22T08:54:54.096604+00:00'),
('79f8ee44-6a75-41e9-b17d-cd6bd3d5d724', '6eac4f26-e145-4973-8c3b-cb76c4eeb7c9', 2, 'Instructor', 'instructor', 'vi', 'Chúng tôi dùng hệ thống số để theo dõi mọi thứ theo thời gian thực.', TRUE, '2026-04-22T08:54:54.096604+00:00'),
('53b615a4-58b3-42f1-8961-eb0161622556', '76298872-c07a-42aa-ac5f-367c33fe7de1', 1, NULL, 'text', 'vi', 'Bạn sẽ trình bày những gì mình đã học được.', TRUE, '2026-04-22T08:54:54.096604+00:00'),
('17543f29-652a-44d1-9b17-e26ecd5da2a0', '76298872-c07a-42aa-ac5f-367c33fe7de1', 2, NULL, 'text', 'vi', 'Hãy giữ bài trình bày rõ ràng và có cấu trúc: mở đầu, quy trình và kết luận.', TRUE, '2026-04-22T08:54:54.096604+00:00'),
('1da78339-2765-4ade-8292-75df7e629c01', '3edaa908-a9d2-4107-ac04-9a77f339818e', 1, 'Instructor', 'instructor', 'vi', 'Đó là một bài trình bày tốt.', TRUE, '2026-04-22T08:54:54.096604+00:00'),
('83d63962-ed41-41bd-9ad6-8dcb0e24b4cb', '3edaa908-a9d2-4107-ac04-9a77f339818e', 2, 'Instructor', 'instructor', 'vi', 'Một điểm bạn có thể cải thiện là giải thích phần này rõ hơn.', TRUE, '2026-04-22T08:54:54.096604+00:00'),
('b08f6b58-38ae-4538-ba48-1629fefa35b0', '3edaa908-a9d2-4107-ac04-9a77f339818e', 3, 'Instructor', 'instructor', 'vi', 'Nhìn chung, bạn làm rất tốt.', TRUE, '2026-04-22T08:54:54.096604+00:00'),
('77efeef0-7d12-4292-bacc-76e5d22d85d0', '7fea590a-72fb-44d4-8a0e-6e3f7b345e15', 1, NULL, 'bullet', 'vi', 'Hãy cùng đi qua phần này.', TRUE, '2026-04-22T08:54:54.096604+00:00'),
('51a1870a-ba26-4324-bf4f-bfd76acb7f1b', '7fea590a-72fb-44d4-8a0e-6e3f7b345e15', 2, NULL, 'bullet', 'vi', 'Chỉ cần đảm bảo rằng.', TRUE, '2026-04-22T08:54:54.096604+00:00'),
('3b79c17c-a84d-4185-91b7-18cd791f8915', '7fea590a-72fb-44d4-8a0e-6e3f7b345e15', 3, NULL, 'bullet', 'vi', 'Bạn cứ thử đi.', TRUE, '2026-04-22T08:54:54.096604+00:00'),
('266834bb-9984-4f64-9a01-188cc1821033', '7fea590a-72fb-44d4-8a0e-6e3f7b345e15', 4, NULL, 'bullet', 'vi', 'Bạn thấy có hợp lý không?', TRUE, '2026-04-22T08:54:54.096604+00:00'),
('b270e028-a6e1-4ca5-b7d6-99114e2c47d5', '7fea590a-72fb-44d4-8a0e-6e3f7b345e15', 5, NULL, 'bullet', 'vi', 'Đó là một câu hỏi rất hay.', TRUE, '2026-04-22T08:54:54.096604+00:00'),
('5f34ad61-896e-4692-af32-e5e5c0ebf73c', '7fea590a-72fb-44d4-8a0e-6e3f7b345e15', 6, NULL, 'bullet', 'vi', 'Tiếp tục nhé.', TRUE, '2026-04-22T08:54:54.096604+00:00'),
('f39ae678-4849-4e1d-8b55-9087bbb5746d', '53b78f19-5077-4515-a8e3-ce42b848a850', 1, NULL, 'practice', 'vi', 'Giải thích -> Ví dụ -> Xác nhận', TRUE, '2026-04-22T08:54:54.096604+00:00'),
('03b4ddc7-b688-4f27-9830-e5b578cda175', '53b78f19-5077-4515-a8e3-ce42b848a850', 2, NULL, 'text', 'vi', 'Chúng tôi kiểm tra thông số này để bảo đảm chất lượng.', TRUE, '2026-04-22T08:54:54.096604+00:00'),
('13f764bf-80e6-4e66-b1c4-0ac20ea3ad4c', '53b78f19-5077-4515-a8e3-ce42b848a850', 3, NULL, 'text', 'vi', 'Ví dụ, nếu pH quá cao thì độ ổn định có thể bị ảnh hưởng.', TRUE, '2026-04-22T08:54:54.096604+00:00'),
('a0bee23d-3c98-4fe6-8fb3-a8c7900bdb1a', '53b78f19-5077-4515-a8e3-ce42b848a850', 4, NULL, 'text', 'vi', 'Bạn thấy có hợp lý không?', TRUE, '2026-04-22T08:54:54.096604+00:00'),
('ab46f26b-897d-40fe-9aee-a568284daf1e', '8cfdc22a-d703-47c8-bd2b-94701a02bbcd', 1, NULL, 'practice', 'vi', 'Nghe (TTS)', TRUE, '2026-04-22T08:54:54.096604+00:00'),
('a27289b6-da98-48a1-a34e-d2a20d767635', '8cfdc22a-d703-47c8-bd2b-94701a02bbcd', 2, NULL, 'practice', 'vi', 'Lặp lại', TRUE, '2026-04-22T08:54:54.096604+00:00'),
('bd77f595-5580-426c-b1f8-160c80b4954b', '8cfdc22a-d703-47c8-bd2b-94701a02bbcd', 3, NULL, 'practice', 'vi', 'Nói nhại theo', TRUE, '2026-04-22T08:54:54.096604+00:00'),
('83ab9507-065c-460e-bd45-058624c91a6e', '8cfdc22a-d703-47c8-bd2b-94701a02bbcd', 4, NULL, 'practice', 'vi', 'Ghi âm giọng nói', TRUE, '2026-04-22T08:54:54.096604+00:00'),
('4e384df7-e97e-48f1-a5fc-2beb0989da90', '8cfdc22a-d703-47c8-bd2b-94701a02bbcd', 5, NULL, 'practice', 'vi', 'So sánh', TRUE, '2026-04-22T08:54:54.096604+00:00'),
('ccc0b7d1-9146-41ac-b876-bed718c5e03f', 'c380ca71-0480-40b5-ad19-95fe317cc67a', 1, 'Instructor', 'instructor', 'vi', 'Tôi nghĩ bạn đã bỏ sót một bước ở đây.', TRUE, '2026-04-22T08:54:54.096604+00:00'),
('060a75a2-ed4e-4a82-a4cf-9d618e4da315', 'c380ca71-0480-40b5-ad19-95fe317cc67a', 2, 'Student', 'student', 'vi', 'Ồ, em hiểu rồi.', TRUE, '2026-04-22T08:54:54.096604+00:00'),
('3c627e8a-6577-4c26-9036-a53842ffebe0', 'c380ca71-0480-40b5-ad19-95fe317cc67a', 3, 'Instructor', 'instructor', 'vi', 'Không sao. Chúng ta cùng làm lại nhé.', TRUE, '2026-04-22T08:54:54.096604+00:00'),
('f125cc6b-eb34-48eb-a478-c5c1569bb759', 'd0da1418-3e7f-4dc4-9339-4e38ac3968ac', 1, 'Student', 'student', 'vi', 'Tại sao chúng ta không tự động hóa quy trình này?', TRUE, '2026-04-22T08:54:54.096604+00:00'),
('78b0c515-c204-499d-bfaa-60af10e9a06c', 'd0da1418-3e7f-4dc4-9339-4e38ac3968ac', 2, 'Instructor', 'instructor', 'vi', 'Đó là một ý hay. Trong một số trường hợp thì có, nhưng kiểm soát thủ công vẫn cần thiết.', TRUE, '2026-04-22T08:54:54.096604+00:00')
ON CONFLICT DO NOTHING;

-- Table: public.profiles (2 rows)
INSERT INTO public.profiles ("id", "full_name", "preferred_provider", "created_at", "updated_at", "role", "email", "phone", "department", "avatar_url", "approval_status", "approved_at", "approved_by", "rejected_note")
VALUES
('ef30e97e-549c-4fca-a371-680b197ebb39', 'Hung Vo', 'groq', '2026-04-10T06:34:45.641767+00:00', '2026-04-10T06:34:45.641767+00:00', 'admin', NULL, NULL, NULL, NULL, 'approved', NULL, NULL, NULL),
('2950c46e-5e7d-415b-9551-a85c92857437', 'Nguyen Huu Loc', 'groq', '2026-04-15T02:32:57.085778+00:00', '2026-04-15T02:32:57.085778+00:00', 'student', NULL, NULL, NULL, NULL, 'approved', NULL, NULL, NULL)
ON CONFLICT DO NOTHING;

-- Table: public.lectures (0 rows)

-- Table: public.mentor_students (0 rows)

-- Table: public.resources (0 rows)

-- Table: public.tasks (0 rows)

-- Table: public.notifications (0 rows)

-- Table: public.conversations (8 rows)
INSERT INTO public.conversations ("id", "user_id", "transcript", "translated_vi", "reply_en", "reply_vi", "audio_duration", "ai_provider", "file_url", "file_name", "file_type", "created_at")
VALUES
('1463c5d6-bd16-459c-b0bb-a44a1492feac', 'ef30e97e-549c-4fca-a371-680b197ebb39', ' Hello, my name is Yinsung. I am quality director. I am overseas at QA, QC, IND, RA Department.', 'Xin chào, tôi tên là Yinsung. Tôi là giám đốc chất lượng. Tôi đang ở nước ngoài tại Bộ phận QA, QC, IND, RA', 'Hello Yinsung, welcome to our department. We are ready to support you in the field of quality assurance', 'Xin chào Yinsung, chào mừng đến với bộ phận của chúng tôi. Chúng tôi sẵn sàng hỗ trợ bạn trong lĩnh vực đảm bảo chất lượng', NULL, 'groq', NULL, NULL, NULL, '2026-04-10T11:19:41.851309+00:00'),
('a2f36f55-3c91-4767-a3e8-a0fcefcc3396', 'ef30e97e-549c-4fca-a371-680b197ebb39', ' nice to meet you', 'Rất vui được gặp bạn', 'Nice to meet you, how can I assist you today?', 'Rất vui được gặp bạn, tôi có thể hỗ trợ gì cho bạn không?', NULL, 'groq', NULL, NULL, NULL, '2026-04-10T11:20:44.497067+00:00'),
('837e1772-93fe-46fc-933b-3becdf5659be', 'ef30e97e-549c-4fca-a371-680b197ebb39', ' Hello. What''s your name? Where are you from? How about you?', 'Xin chào. Tên bạn là gì? Bạn đến từ đâu? Còn bạn thì sao?', 'Hello, I''m a pharmaceutical manufacturing assistant. I can assist you with QA, QC, R&D, RA.', 'Xin chào, tôi là trợ lý ảo chuyên về sản xuất dược phẩm. Tôi có thể hỗ trợ bạn về QA, QC, R&D, RA.', NULL, 'groq', NULL, NULL, NULL, '2026-04-10T11:21:11.266074+00:00'),
('2d64316f-9903-4c02-97e1-9c16c26328f7', 'ef30e97e-549c-4fca-a371-680b197ebb39', ' Do you know ICS organization about pharmaceuticals?', 'Bạn có biết tổ chức ICS về dược phẩm không?', 'The ICS organization in pharmaceuticals usually refers to Internal Control System. How can I assist you further on this topic?', 'Tổ chức ICS về dược phẩm thường liên quan đến Hệ thống Kiểm soát Nội bộ. Tôi có thể giúp gì thêm về chủ đề này không?', NULL, 'groq', NULL, NULL, NULL, '2026-04-10T11:21:59.629039+00:00'),
('b71d55fa-2922-47da-8d38-2d1381d5ff25', 'ef30e97e-549c-4fca-a371-680b197ebb39', ' No, I see it.', 'Không, tôi thấy nó.', 'Is the issue resolved now?', 'Vấn đề đã được giải quyết chưa?', NULL, 'groq', NULL, NULL, NULL, '2026-04-10T11:22:17.045606+00:00'),
('e234f754-2a00-4baf-b506-c9cedc36d86a', 'ef30e97e-549c-4fca-a371-680b197ebb39', ' you', 'bạn', 'Hello, how can I assist you?', 'Xin chào, tôi có thể giúp gì cho bạn?', NULL, 'groq', NULL, NULL, NULL, '2026-04-14T07:34:17.356727+00:00'),
('83eb3146-6397-46a9-9aa8-73dac556ac3e', 'ef30e97e-549c-4fca-a371-680b197ebb39', ' .', 'Xin lỗi, không có văn bản nào được cung cấp để dịch.', 'Please provide the text that needs to be translated.', 'Xin vui lòng cung cấp văn bản cần dịch.', NULL, 'groq', NULL, NULL, NULL, '2026-04-14T07:35:15.824421+00:00'),
('1f121a07-5c40-4a0e-b443-5e13694ddfd3', 'ef30e97e-549c-4fca-a371-680b197ebb39', ' .', 'Không có văn bản để dịch', 'Sorry, but there''s no information to respond to. Could you provide more details?', 'Xin lỗi, nhưng không có thông tin để trả lời. Bạn có thể cung cấp thêm chi tiết không?', NULL, 'groq', NULL, NULL, NULL, '2026-04-14T07:37:34.132823+00:00')
ON CONFLICT DO NOTHING;

-- Table: public.conversation_segments (0 rows)

-- Table: public.conversation_messages (0 rows)

-- Table: public.translations (25 rows)
INSERT INTO public.translations ("id", "user_id", "transcript", "source_lang", "target_lang", "translated_vi", "translated_en", "reply_en", "reply_vi", "ai_provider", "created_at")
VALUES
('28d46151-709c-4f35-9d68-06ae118e9bc9', NULL, 'It''s bad. Hello? Today, we''re going to be having a long English conversation. Because. Over two years ago, back in February 2020, we made this conversation and millions of you loved this. It said that it helped you to immerse yourself in English and have a fun time. So today, we''re going to be doing something similar. We''ll be talking about... at least 10 possibly more topics. And we''ll be giving our opinions and stories and ideas. Yes, whatever comes up along the way. And there will be subtitles for key phrases down here. But you can also click CC to get the full subtitle so that you don''t miss any words. All right. You ready to get started? I''m ready. Let''s do it. Thanks for watching! But wait before we get started. Like always, I have created a free PDF worksheet for this lesson that you can download. Never forget what you are about to learn. You can click on the link in the description to download this free PDF worksheet today. and you will have a chance to answer all of today''s questions too. Okay. Are you ready for question number one? Yes, I''m ready. All right, so it''s question number one. What''s the meaning of light? Oh, that would be a good start. The topic number one is family, and I''m going to be putting the timestamps for all of these topics in the description. So if you want to rewatch any of these sections, you can easily skip to that. My first question is about family and that is, what is an interesting fact? about your family history. Interesting fact, well, I don''t know too much about my mom''s side of the family. I know they''ve been in the uh in the United States for a long time but they just didn''t really keep any records from both on my dad''s side on the other hand I have a... Uh, while I had a particularly, uh, detail-oriented grandmum. Yes. So I would remember everything about her childhood, and she went back and looked at... I don''t even know how she found documents about where they came from, so her family was in Germany. Um, beer. Uh, I can''t remember. I think it''s Hamburg. Hamburg, mm-hmm. And, uh... Grandpa was also from somewhere in Germany, and both of them just happened to move to... of eastern Kansas. which is if you''ve ever been to Kansas, it''s just corn beetles and that''s it. It''s not a not a very beautiful place, but somehow they ended up in Kansas and my grandma would always give lots of... details found. growing up there on the farm at home. They didn''t have electricity. And you know, she would go on about... You know these stories about This is how she would talk. Also, on time, Ian, my brother Bernard, we head to the backyard and fill up the tin buckets. with hot boiling water. It can''t take all the hot water, Daniel. She remembered it was a tin bucket. And it was Cuts and Burn and it was, you know, Uncle Freddie, you know, people like that. I think her father''s name was Freddie. Oh, that''s interesting. So yeah, I don''t know how interesting that is, but it''s the only cultural knowledge I have about it.', 'en', 'vi', 'Tệ lắm. Xin chào? Hôm nay, chúng ta sẽ có một cuộc nói chuyện dài bằng tiếng Anh. Bởi vì. Hơn hai năm trước, vào tháng 2 năm 2020, chúng tôi đã có cuộc trò chuyện này và hàng triệu người trong số các bạn yêu thích điều này. Nó nói rằng nó đã giúp bạn chìm đắm trong tiếng Anh và vui vẻ. Hôm nay, chúng ta sẽ làm điều tương tự. Chúng ta sẽ nói về... ít nhất 10 chủ đề có thể nhiều hơn. Và chúng tôi sẽ đưa ra ý kiến, câu chuyện và ý tưởng của mình. Phải, bất cứ gì xảy ra trên đường. Và sẽ có phụ đề cho các cụm từ quan trọng dưới đây. Nhưng bạn cũng có thể nhấn vào CC để lấy phụ đề đầy đủ để bạn không bỏ lỡ bất kỳ từ nào. Được rồi. Sẵn sàng bắt đầu chưa? Tôi sẵn sàng rồi. Làm thôi. Cảm ơn đã theo dõi! Nhưng hãy đợi trước khi chúng ta bắt đầu. Như mọi khi, tôi đã tạo ra một bảng điều khiển PDF miễn phí cho bài học này mà bạn có thể tải về. Đừng bao giờ quên những gì bạn sắp học. Bạn có thể nhắp vào liên kết trong mô tả để tải về bảng làm việc PDF miễn phí ngày hôm nay. Và bạn sẽ có cơ hội để trả lời tất cả các câu hỏi của ngày hôm nay. Được rồi. Sẵn sàng cho câu hỏi số 1 chưa? Vâng, tôi đã sẵn sàng. Được rồi, câu hỏi số 1. Ánh sáng nghĩa là gì? Khởi đầu tốt đấy. Chủ đề thứ nhất là gia đình, và tôi sẽ đặt dấu thời gian cho tất cả các chủ đề trong mô tả. Vì vậy, nếu bạn muốn xem lại bất kỳ phần nào trong số này, bạn có thể dễ dàng bỏ qua nó. Câu hỏi đầu tiên của tôi là về gia đình và đó là, điều thú vị là gì? về chuyện gia đình. Thật thú vị, tôi không biết nhiều về bên ngoại cảnh của mẹ tôi. Tôi biết chúng đã ở Mỹ lâu lắm rồi nhưng chúng không giữ hồ sơ nào của bố tôi. Tôi có... Uh, trong khi tôi đặc biệt, uh, theo dõi chi tiết. Phải. Nên tôi nhớ mọi thứ về thời thơ ấu của cô ấy, và cô ấy quay lại và nhìn... Tôi thậm chí không biết làm thế nào cô ấy tìm thấy tài liệu về nơi họ đến, nên gia đình cô ấy đã ở Đức. Bia. Tôi không nhớ. Tôi nghĩ là Hamburg. Hamburg, mm-hmm. Và... Ông cũng đến từ một nơi nào đó ở Đức, và cả hai đều tình cờ chuyển đến... của miền đông Kansas. Đó là nếu bạn đã bao giờ đến Kansas, nó chỉ là những con bọ cánh cứng ngô và đó là nó. Đó không phải là một nơi không đẹp đẽ gì, nhưng bằng cách nào đó họ đã kết thúc ở Kansas và bà tôi luôn cho rất nhiều... Tìm thấy chi tiết. lớn lên ở nông trại ở nhà. Họ không có điện. Và bạn biết đấy, cô ấy sẽ tiếp tục... Bạn biết những câu chuyện về Đó là cách cô ấy nói chuyện. Và, đúng giờ, Ian, anh trai Bernard của tôi, chúng tôi ra sân sau và đổ đầy bình thiếc. Với nước sôi nóng. Daniel. Cô ấy nhớ đó là một cái xô thiếc. Và đó là Cuts và Burn và đó là, cậu Freddie, cậu biết đấy, những người như thế. Tôi nghĩ tên bố cô ấy là Freddie. Thú vị đấy. Tôi không biết nó thú vị như thế nào, nhưng đó là kiến thức văn hóa duy nhất tôi có về nó.', '', '', '', 'groq', '2026-04-22T03:24:52.931547+00:00'),
('2a30f22b-d82a-46b5-8d24-4440117f98d9', NULL, 'Please, ever done in the United States. We''ll look at environmental influences. on children. Let''s study. We''ll examine the same environmental and genetic factors. that affect the health of children and the adults they come. Dr. Stephen Hirschfeld at the National Institutes of Health. is the study director. Test project have already begun. and to be safe for the main part. of the National Children''s Study will begin next year. Powerful! is to understand how to get the healthiest, most robust child to develop into a healthy and contributing member of adult society. Researchers want to study 100,000 children across America. The study will collect information from before they are born until they are 21 years old. There are seven centers around the country where parents can join the study. For example, researchers at the University of California, Los Angeles. We''ll study 4,000 children in the Los Angeles area. They also plan to study 1,000 children in a rural area. The aim is to see what effect pesticides used on nearby farms. might have on the children''s health.', 'en', 'vi', 'Hãy để chúng tôi nghiên cứu ở Hoa Kỳ. Chúng tôi sẽ xem xét các yếu tố ảnh hưởng môi trường đến trẻ em. Hãy để chúng tôi học hỏi. Chúng tôi sẽ kiểm tra các yếu tố môi trường và di truyền giống nhau ảnh hưởng đến sức khỏe của trẻ em và người lớn mà chúng trở thành. Tiến sĩ Stephen Hirschfeld tại Viện Y tế Quốc gia là giám đốc nghiên cứu. Dự án thử nghiệm đã bắt đầu và để đảm bảo an toàn cho phần chính của Nghiên cứu Trẻ em Quốc gia sẽ bắt đầu vào năm tới. Mục tiêu mạnh mẽ là hiểu cách để có được đứa trẻ khỏe mạnh và phát triển mạnh mẽ nhất trở thành thành viên đóng góp cho xã hội người lớn. Các nhà nghiên cứu muốn nghiên cứu 100.000 trẻ em trên khắp nước Mỹ. Nghiên cứu sẽ thu thập thông tin từ trước khi chúng được sinh ra cho đến khi chúng được 21 tuổi. Có bảy trung tâm trên cả nước nơi phụ huynh có thể tham gia nghiên cứu. Ví dụ, các nhà nghiên cứu tại Đại học California, Los Angeles sẽ nghiên cứu 4.000 trẻ em trong khu vực Los Angeles. Họ cũng dự định nghiên cứu 1.000 trẻ em ở một khu vực nông thôn. Mục tiêu là để xem ảnh hưởng của thuốc trừ sâu được sử dụng trên các trang trại gần đó có thể ảnh hưởng đến sức khỏe của trẻ em như thế nào.', '', 'Thank you for the detailed information about this study. Is it possible to learn more about how to participate in the study?', 'Cảm ơn vì thông tin chi tiết về nghiên cứu này. Liệu có thể tìm hiểu thêm về cách tham gia nghiên cứu không?', 'groq', '2026-04-20T04:48:33.014976+00:00'),
('5920bb04-6c7c-4dce-9232-03f2aac5d076', NULL, 'at environmental influences on children. The study will examine the many environmental and genetic factors. that affects the health of children. and the adults they become. Dr. Steven Hirschfeld. at the British Institutes of Health. is the study director. Test project have already begun. And he says the main part of the National Children''s Study. We''ll begin next year. Our goal. is to understand how you can get the healthiest, most robust child to develop into a healthy and contributing member. adult society. We''re searchers! want to study 100,000 children. Across America. The study will collect information. from before they are born. until they are 21 years old. There are seven centers around the country. where parents can join the study. for example. Researchers at the University of California, Los Angeles. We''ll study 4,000 children in the Los Angeles area. They also plan to study 1,000 children in a rural area. The aim is to see what Next, let''s decide used on nearby farms. might have on the children''s health. Dr. Michael Wu is one of the lead investigators at UCLA. Chase us! We are examining a number of very important child traditions. such as asthma and autism. preterm birth. and birth defects, obesity, and diabetes. and various behavioral and learning problems. The researchers will also study mental health disorders. Dr. Room says I think this study has the potential to change the way we look at childhood health. and development. The Goal of the National Children''s Study is to create a database. that researchers around the world can use. Dr. Hirschfeld. study director. says this information. could help solve some unanswered questions. We have knowledge gaps. in many of the most important factors that influence it. not only the health and well-being and development of children. But that began the foundations of what could turn into chronic conditions. for adults. Findings from the study will be released as they become available. Information. could lead to new policies. and changes in existing laws. on child health. and the environment. The hope is that Schindler can live healthier lives. Get grown into healthier adults. Or VOA Special English. I''m Alex O''Reilly. You can watch a video. about the National Children''s Study. at VOA Special English .CALL where you can also learn English with our programs and activities.', 'en', 'vi', 'vì ảnh hưởng môi trường trên trẻ em. Nghiên cứu sẽ xem xét nhiều yếu tố môi trường và di truyền. Nó ảnh hưởng đến sức khỏe của trẻ em. và họ trở thành người lớn. Bác sĩ Steven Hirschfeld. tại Viện Y tế Anh. là giám đốc nghiên cứu. Dự án thử nghiệm đã bắt đầu. Và ông ấy nói phần chính của Nghiên cứu Trẻ em Quốc gia. Chúng ta sẽ bắt đầu vào năm sau. Mục tiêu của chúng ta. là để hiểu làm thế nào bạn có thể làm cho đứa trẻ khỏe mạnh nhất, khỏe mạnh nhất để phát triển thành một thành viên khỏe mạnh và đóng góp. Xã hội người lớn. Chúng tôi là những người tìm kiếm! muốn nghiên cứu 100,000 trẻ em. Trên khắp nước Mỹ. Nghiên cứu sẽ thu thập thông tin. từ trước khi chúng được sinh ra. Cho đến khi chúng 21 tuổi. Có 7 trung tâm trên cả nước. nơi cha mẹ có thể tham gia vào buổi học. Ví dụ. Các nhà nghiên cứu tại Đại học California, Los Angeles. Chúng ta sẽ nghiên cứu 4000 trẻ em trong khu vực Los Angeles. Họ cũng dự định học hỏi 1.000 trẻ em ở một vùng nông thôn. Mục đích là để xem Tiếp theo, hãy quyết định dùng ở nông trại gần đó. Có thể là vì sức khỏe trẻ em. Bác sĩ Michael Wu là một trong những nhân viên điều tra hàng đầu ở UCLA. Đuổi theo chúng tôi! Chúng tôi đang xem xét một số truyền thống trẻ em rất quan trọng. chẳng hạn như hen suyễn và tự kỷ. Chuẩn bị sinh con. và khuyết tật bẩm sinh, béo phì và tiểu đường. và nhiều vấn đề về hành vi và học tập khác nhau. Các nhà nghiên cứu cũng sẽ nghiên cứu về rối loạn tâm thần. Bác sĩ Room nói Tôi nghĩ nghiên cứu này có tiềm năng thay đổi cách chúng ta nhìn vào sức khỏe trẻ em. và phát triển. Mục tiêu của việc nghiên cứu trẻ em quốc gia là tạo một cơ sở dữ liệu. mà các nhà nghiên cứu trên thế giới có thể sử dụng. Tiến sĩ Hirschfeld. nghiên cứu giám đốc. nói Thông tin này. có thể giúp giải quyết một số câu hỏi chưa được giải đáp. Chúng ta có những lỗ hổng kiến thức. trong nhiều yếu tố quan trọng nhất ảnh hưởng đến nó. Không chỉ sức khỏe, hạnh phúc và phát triển của trẻ em. Nhưng điều đó đã bắt đầu nền tảng của những điều kiện có thể trở thành mãn tính. cho người lớn. Phát hiện từ nghiên cứu Sẽ được thả khi nào có thể. Thông tin. có thể dẫn tới chính sách mới. và thay đổi luật pháp. vì sức khỏe trẻ em. và môi trường. Hy vọng là Schindler có thể sống khỏe mạnh hơn. Lớn lên thành người khỏe mạnh hơn. Hay VOA Special English. Tôi là Alex O'' thơm. Anh có thể xem video. Về Nghiên Cứu Trẻ Em Quốc Gia. tại VOA Special English . Gọi nơi bạn cũng có thể học tiếng Anh với chương trình và hoạt động của chúng tôi.', '', 'This study is very important and can help us better understand how to protect children''s health and prevent diseases.', 'Nghiên cứu này rất quan trọng và có thể giúp chúng ta hiểu rõ hơn về cách bảo vệ sức khỏe của trẻ em và ngăn chặn các bệnh tật.', 'groq', '2026-04-22T02:57:42.749967+00:00'),
('6aca9f05-2ca9-4e85-9429-cda0fe47f0be', NULL, 'hoặc điếc ở Tời Tây hả? Tạch bình tĩnh đề quà kỷ tạch. Hãy subscribe cho kênh La La School Để không bỏ lỡ những video hấp dẫn Để nhận lý sự ủng hộ của người dân trồng nước. Ông tiếp tục cho đại sản thiết hạ và đi tìm chí sách 1. Sức giật của An Quang Vì chính sách đối ngoài Thời thẳng quang khủ biếp vọt tại. Đó xin xét xuyên một chống cửa với binh ngoại đã làm bọc bùng bầu chối dạy. Chúc đỡ! Người Nam Google nhận được lời từ những chiến sách hoạn linh của Chà Thanh. sợp bình phố Nhật Tạp Bắc Cùng Đầu cũng yêu cầu hòa thân. nhưng không được chất dẫn Bàn mắt bình xâm phạm hạt tây kênh dân ở đây đu lực bỏ tránh. Tạm bình đĩa nhân tịch Cũng dẹp bạc vùng đồ Hẹn gặp lại trong video tiếp theo! Năm bệnh tý bài! Hẳn mình đế phái đậu cố cùng tệnh bình trinh phạt Bắc Vân Độ. Hẹn gặp lại trong video tiếp theo! đậu hố phát cách bình thường chủ tại nước châu. Rồi yên mình với các dân tộc dưới đám phủ tụt. Tất cả các bạn có thể nhận được những bản phẩm của bản phẩm của bản phẩm của bản phẩm của bản phẩm của bản phẩm của bản phẩm của bản phẩm của bản phẩm của bản phẩm của bản phẩm của bản phẩm của bản phẩm của bản phẩm của bản phẩm của bản phẩm của bản phẩm của bản phẩm của bản phẩm của bản phẩm của bản phẩm của bản phẩm của bản phẩm của bản phẩm của bản phẩm của bản phẩm của bản phẩm của bản phẩm của bản phẩm của bản phẩm của bản phẩm của bản phẩm của bản phẩm của bản phẩm của bản phẩm của bản Pew Pew xuất quân tấn công bác quân nô', 'vi', 'en', '', 'Or deaf in the West? Calm down with your gift. Let''s subscribe for La School channel so we don''t miss the video that''s fascinating. To accept the public''s support for water growing. He went on to bring down the product And look for Book One. The shock of Angu For foreign policy The circumnavigation period is high. It''s a cross-reference with foreign soldiers that enshrined the denial. Cheers! The Southern Google received lyrics from the sacred war of the Well Qing. The Japan Street average of the North Pole also requires peace. But not lead. The calm eye invades western Canals here swing escape. Temporary Also remove the silver section of the map See you in the next video! Five cards! I''m sure we''re going to have to go to the same place as a virgin fine of North Yuming. See you in the next video! The pit beans released normally in the country of Asia. Then rest in peace with the peoples under the crowd. You can all receive the works of the publication of the publication of the publication of the publication of the publication of the publication of the publication of the publication of the publication of the publication of the publication of the publication of the publication of the publication of the publication of the publication of the publication of the publication of the publication of the publication of the publication of the publication of the publication of the publication of the publication of the publication of the publication of the publication of the publication of the publication of the publication of the publication of the publication of the publication of the publication of the publication of the publication of the publication of the publication of the publication of the publication of the publication of the publication of the publication of the publication of the publication of the publication of the publication of the publication of the publication of the publication of the publication of the publication of the publication of the publication of the publication of the publication of the publication of the publication of the publication of the publication of the publication of the publication of the publication of the publication of the publication of the publication of the publication of the publication of the publication. Pew Pew Let''s go!', '', '', 'groq', '2026-04-22T03:52:37.094537+00:00'),
('5e93b5df-dd43-4f41-8d86-985dd3a1fb6e', NULL, 'What is this, please? Should I pull it? Oh way out of this. for what I have. You know, the plan, the plan eluded better. And that''s how it''s done. I don''t know what they can and don''t know. science, and we''ll see you next time. You know, you start this scene in February of this one to go to the end. for the last frost. I love it. Thank you so much.', 'en', 'vi', 'Cái gì đây, làm ơn? Tôi kéo nhé? Oh Tránh ra. Vì những gì tôi có. Kế hoạch đã vượt quá tầm kiểm soát. Và đó là cách nó được thực hiện. Tôi không biết họ có thể làm gì và không biết. Khoa học, và chúng ta sẽ gặp nhau lần tới. Bạn biết đấy, bạn bắt đầu cảnh này vào tháng 2 của cảnh này để đi đến kết thúc. cho đến khi lạnh cóng. Tôi thích nó. Cảm ơn rất nhiều.', '', '', '', 'groq', '2026-04-22T05:27:01.711191+00:00'),
('bfb809a7-8152-42dd-859a-7ce7c1b91bee', NULL, 'our gardening experiences, and we just... Let''s chat together! We started this conversation back in April. before we planted anything before any of this was in the ground, so... Let''s rewind time. We''re going to talk about starting our gardens and then... We will jump forward to July and August and see what''s happening in the garden a few months later. Let''s go meet Michelle. So I''d like to introduce you to Michelle. the best saver in the world. Yes, ma''am. I am. Yeah, and we are here at kind of stage one. of. the garden. You haven''t planted anything in the grounds. These are just, these are just starch, starch, or seedlings. Yeah, they''re seedlings. Maybe these are seedlings. Well, they''re little, yeah, the little baby ones are seedlings, that''s a problem. These are full-bond ones. Yeah, these ones are getting pretty bad. They should be going around. How did you decide what? So plant is the first place. I only plant what I know I''m gonna eat, you know? Yeah, because I hadn''t planted stuff before and had it come up and go crazy and then I don''t want it because I haven''t. If I get that, yeah. Yeah.', 'en', 'vi', 'trải nghiệm làm vườn của chúng tôi, và chúng tôi chỉ... Hãy nói chuyện với nhau! Chúng tôi bắt đầu cuộc nói chuyện này từ tháng tư. Trước khi chúng ta trồng bất cứ thứ gì trước khi chúng rơi xuống đất, nên... Hãy tua lại thời gian. Chúng ta sẽ nói về việc mở vườn và sau đó... Chúng ta sẽ nhảy tới tháng Bảy và tháng Tám để xem chuyện gì xảy ra trong vườn vài tháng sau đó. Hãy đi gặp Michelle. Tôi muốn giới thiệu Michelle. người bảo vệ tốt nhất thế giới. Vâng. Đúng vậy. Vâng, và chúng tôi đang ở giai đoạn 1. của. khu vườn. Anh chưa trồng gì cả. Chúng chỉ là những tinh bột, tinh bột, hay hạt giống. Phải, chúng đang gieo hạt. Có thể đây là những hạt giống. À, chúng nhỏ, phải, trẻ con đang đẻ, đó là vấn đề. Đây là những cái dính đầy đủ. Ừ, mấy cái này ngày càng tệ. Họ nên đi vòng. Sao anh quyết định được? Vậy thực vật là nơi đầu tiên. Tôi chỉ trồng những gì tôi biết là tôi sẽ ăn thôi. Phải, bởi vì tôi chưa từng trồng gì trước đây và nó xuất hiện và phát điên lên và sau đó tôi không muốn nó bởi vì tôi không muốn. Nếu tôi hiểu, thì đúng vậy. Ừ.', '', 'Thanks for sharing your gardening experience. I also want to start gardening, but I don''t know where to start.', 'Cảm ơn vì đã chia sẻ kinh nghiệm làm vườn của bạn. Tôi cũng muốn bắt đầu làm vườn, nhưng tôi không biết bắt đầu từ đâu.', 'groq', '2026-04-22T04:30:00.049489+00:00'),
('13db28e6-5a55-46df-8e4c-9a2e12c84be7', NULL, 'Redwoods are so pretty! And on the airplane, I just found a ove. a recipe for your peppers and eggplant red peppers again. Yeah, so That''s awesome. Yeah, I know. It''s awesome to keep up. Um, let''s get that stick. I''ve got two cumbers. I had a clamp with the scissor ground now. I''ve got a ton of flowers. That''s what I just said. a little bit of this cool thing, the Seatsnail, yeah. We''re gonna take a look at five starts after this And I feel like your garden style is like so much more outside the box. But it''s fine. I''ve got, like, raised bed in each order, some of these little seed stars, and you''ve got, like... I think the guys started so much time on Instagram. I get these great ideas, and I like this so much better, I think it works, and oh. Uh, it takes up a space to sort of turn into like... this big and I don''t really have lights. enough lights for everything. So one mile on top of this. Yeah, you get one, two, three, four, five, six. Yeah, there''s in the space of that one. That''s amazing. It''s very cool. I I''ve been growing like a lot of me starts at home while. just go to the store and buy.', 'en', 'vi', 'Redwood đẹp quá! Và trên máy bay, tôi vừa tìm thấy một cái ove. một công thức Cho tiêu và hạt tiêu đỏ một lần nữa. Yeah, vì vậy Thật tuyệt vời. Tôi biết. Thật tuyệt khi theo kịp. Lấy cây gậy đó thôi. Tôi có hai cái cần câu. Tôi đã có một kẹp với mặt đất scissor bây giờ. Tôi có cả tấn hoa. Đó là điều tôi vừa nói. Một chút của điều tuyệt vời này, Seatsnail, yeah. Chúng ta sẽ xem năm bắt đầu sau này Và tôi cảm thấy phong cách làm vườn của anh giống như ở ngoài cái hộp hơn. Nhưng không sao. Tôi có, giống như, giường nâng lên theo thứ tự, một số hạt giống sao, và bạn có, giống như... Tôi nghĩ những người này bắt đầu rất nhiều thời gian trên Facebook. Tôi có những ý tưởng tuyệt vời này, và tôi thích điều này hơn rất nhiều, tôi nghĩ nó hiệu quả, và oh. Uh, cần một không gian để biến thành... To thế này và tôi không có ánh sáng. Đủ ánh sáng cho mọi thứ. Vì vậy, một dặm trên này. Phải, anh có một, hai, ba, bốn, năm, sáu. Có, có trong không gian của một trong đó. Thật tuyệt vời. Rất tuyệt. I Tôi đã lớn lên giống như nhiều người trong số tôi bắt đầu từ nhà trong thời gian. Cứ đến cửa hàng mua đi.', '', '', '', 'groq', '2026-04-22T04:48:55.549975+00:00'),
('5992cbe7-8e24-469d-aaaf-617ace42978a', NULL, 'That''s right, this is a lot cheaper.', 'en', 'vi', 'Đúng vậy, cái này rẻ hơn nhiều.', '', '', '', 'groq', '2026-04-22T04:52:20.061726+00:00'),
('12f95255-688d-461b-ac46-5c77280d75c1', NULL, '4, 5, 6 in the space of that one. That''s amazing. It''s very cool. So I Growing like a lot of these starts at home So, that''s it for this morning. Bye. A little tomato bite, please, to the lachi, for me. And I don''t know, it''s the... it''s being able to stay active in this proxy. You know in that fight. I don''t tell anybody well everybody because I told them Welcome to my house! That''s okay, that''s okay. Like, what''s going on at Tour of the Garden? Yes, yes, yes. And I will tell you everything I''ve heard from Steve. That''s the best. You will listen whether you like it or not. Yes, and you''d better be interested too. yeah so like the pride it''s cheaper but it''s also like you''re doing it the pride of doing it by so yeah yeah i can see that Um', 'en', 'vi', '4, 5, 6 trong không gian đó. Thật tuyệt vời. Rất tuyệt. Vậy I Phát triển như rất nhiều những điều này bắt đầu ở nhà Sáng nay thế là đủ rồi. Tạm biệt. Làm ơn cắn một miếng cà chua cho tôi. Và tôi không biết, đó là... Nó có thể hoạt động trong ủy nhiệm này. Anh biết đấy trong trận đấu đó. Tôi không nói với ai tốt vì tôi nói với họ Chào mừng đến nhà tôi! Không sao, không sao. Chuyện gì đang xảy ra ở Tour of the Garden? Phải, phải, phải. Và tôi sẽ kể cho anh nghe mọi thứ tôi nghe từ Steve. Đó là điều tốt nhất. Anh sẽ nghe dù anh có thích hay không. Phải, và anh cũng nên quan tâm. yeah vì vậy giống như niềm tự hào nó là rẻ hơn nhưng nó cũng giống như bạn đang làm nó niềm tự hào của làm điều đó như vậy yeah yeah tôi có thể thấy rằng Um', '', 'Thanks for sharing your thoughts. I''m glad to hear them', 'Cảm ơn vì đã chia sẻ những suy nghĩ của bạn. Tôi rất vui được lắng nghe', 'groq', '2026-04-22T05:08:54.174846+00:00'),
('bfe5a1b9-03c6-41c5-b8c7-eacd63a05691', NULL, 'what things to get, like how do you know? Um, what? And what time is it to start them? Yeah, like yeah. Where are we going to start them? It''s to get like, why are you not just putting a... have receded the grounds. Instead of growing it in a pot, there''s all those, like, beginner questions that are a little bit more controlled. you know, and I can control the bar. Yeah, it''s like a ghost. So, I can''t. It increases my success by doing it on the right-hand side. Dallas.', 'en', 'vi', 'làm sao anh biết? Cái gì? Và mấy giờ thì bắt đầu? Yeah, giống như yeah. Chúng ta sẽ bắt đầu từ đâu? Nó giống như, tại sao bạn không chỉ đặt một... Đã rút quân. Thay vì trồng nó trong một cái nồi, có những câu hỏi mới bắt đầu được kiểm soát một chút. và tôi có thể điều khiển quán bar. Phải, giống như một con ma. Nên tôi không thể. Nó làm tăng thành công của tôi bằng cách làm điều đó bên tay phải. Dallas.', '', 'To get started, we need to define the project''s objectives and requirements. Then, we can discuss the specific steps and timeline.', 'Để bắt đầu, chúng ta cần xác định mục tiêu và yêu cầu của dự án. Sau đó, chúng ta có thể thảo luận về các bước cụ thể và thời gian thực hiện.', 'groq', '2026-04-22T05:19:33.346979+00:00'),
('164d6dd6-db6c-4841-a132-5b7bf18addb9', NULL, 'Don''t feel it. Bye. That''s good. Worldwide, nearly twice as many girls are denied education. as always. That is, of course, what you report by designations, education, scientific, and cultural organization, or ASCO. The Director-General will welcome the guest of the five-way napalcoma. She says, a lack of education restricts the lives of girls and women from one generation to the next. Across the sub-Saharan Africa, 9.5 million refugees will never leave the classroom. Back in the day, there''s five lead boys on the plane, and the events go from one to another. More than 30 children aged 6 or 11 are out of school across the region. Our gender gap is wider in South and West Asia, where 80% of Earth''s population will never get up with education. That, your speakers, 60% of the board agrees to the report. The girls are a majority of the millions of children in high school in their applications, as concerned. But Mexico said exact numbers are not available in some conflicts in the region. Discrimination against girls and women through worldwide attention 2012.', 'en', 'vi', 'Không cảm thấy gì. Tạm biệt. Tốt lắm. Trên khắp thế giới, gần gấp đôi số cô gái bị từ chối đi học. Như mọi khi. Đó là, tất nhiên, những gì bạn báo cáo bằng tên gọi, giáo dục, khoa học và văn hóa, hoặc ASCO. Tổng giám đốc sẽ chào đón khách của Sangalcoma. Bà nói, thiếu giáo dục hạn chế cuộc sống của các cô gái và phụ nữ từ thế hệ này sang thế hệ khác. Qua vùng cận sa mạc Sahara, 9.5 triệu người tị nạn sẽ không bao giờ rời khỏi lớp học. Ngày xưa, có 5 người dẫn đầu trên máy bay, và các sự kiện chuyển từ người này sang người khác. Hơn 30 trẻ em từ 6 đến 11 tuổi không đi học trên khắp vùng. Khoảng cách giới tính của chúng tôi rộng hơn ở Nam và Tây Á, nơi 80% dân số Trái Đất sẽ không bao giờ đạt được với giáo dục. Cái đó, diễn giả của anh, 60% hội đồng đồng cũng đồng ý với báo cáo. Các cô gái là một phần lớn trong số hàng triệu trẻ em ở trường trung học trong các ứng dụng của họ, như liên quan. Nhưng Mexico nói con số chính xác không có trong một số cuộc xung đột trong vùng. Quyết đoán chống lại phụ nữ qua sự chú ý của thế giới năm 2012.', '', 'Thank you for sharing this important information. Education is a fundamental right of every individual, and denying it to anyone is unacceptable.', 'Cảm ơn vì đã chia sẻ thông tin quan trọng này. Giáo dục là quyền cơ bản của mọi người, và việc tước quyền này khỏi bất kỳ ai là không thể chấp nhận được.', 'groq', '2026-04-22T05:56:26.639685+00:00'),
('fb74bef7-e161-4bc1-86a9-b0e299359c6a', NULL, 'Oh, my, oh, my, oh, my, oh, my, oh, my, oh, my, oh, my, oh, my, oh, my, oh, my, oh, my, oh, my, oh, my, oh, my, oh, my, oh, my, oh, my, oh, my, oh, my, oh, my, oh, my, oh, my, oh, my, oh, my, oh, my, oh, my, oh, my, oh, my, oh, my, oh, my, oh, my, oh, my, oh, my, oh, my, oh, my, oh, my, oh, my, oh, my, oh, my, oh, my, oh, my, oh, my, oh, my, oh, my, oh, my, oh, my, oh, my, oh, my, oh, my, oh, my, oh, my, oh, my, oh, my, oh, my, oh, my, oh, my Hãy subscribe cho kênh La La School Để không bỏ lỡ những video hấp dẫn Well. Now, when it''s warm enough, I wait. This is Africa, get out of here, get out of here! Or Call us at the deprecation. about the site campus. That''s the most perfect road. Yeah, it''s the most perfect road. and actually let it get stuck in July. and August, which is, yeah, really cool. Is there anything that you plan to do with plants? in the ground directly. Uh, I think... and the poppies just go to the ground. I''ll see you guys in the next video. Bye. Bye. I said just come up, but you don''t really... Thank you. Yeah, flowers don''t like that. I''m going to go up for a second. There he is too. Being out. I''m blind. That''s what I hope for. you know, in consistent temperatures, yeah, but they still come up. Oh means a lot. Well, I had to wrap the other... Yeah, beans usually plant in the ground. Corn. Some pumpkin, did you buy one? You know this year I didn''t', 'en', 'vi', 'Oh, my, oh, my, oh, oh, oh, oh, oh, oh, oh, oh, oh, oh, oh, oh, oh, oh, oh, oh, oh, oh, oh, oh, oh, oh, my, oh, oh, oh, oh, oh, oh, my, oh, oh, oh, oh, oh, oh, oh, oh, oh, oh, oh, oh, oh, my, oh, oh, oh, oh, oh, oh, oh, my, oh, oh, my, oh, oh, oh, oh, oh, oh, oh, my, oh, my, oh, oh, oh, my, oh, oh, oh, oh, oh, oh, oh, oh, oh, my, oh, oh, oh, oh, oh, oh, oh, oh, my, oh, oh, oh, oh, oh, oh, oh, oh, oh, oh, oh, oh, my, oh, oh, oh, oh, oh, oh, oh, oh, oh, oh, oh, oh, oh, oh, oh, oh, oh, oh, oh, oh, oh, oh, oh, Hãy đăng ký cho trường La La ▫ không b đóng băng băng video _GWW Chà. Khi đủ ấm, tôi sẽ đợi. Đây là Châu Phi, ra khỏi đây, ra khỏi đây! Hoặc Hãy gọi cho chúng tôi ở phòng trừ tà. về trường công lập. Đó là con đường hoàn hảo nhất. Phải, đó là con đường hoàn hảo nhất. và thực sự để nó bị kẹt vào tháng 7. và tháng Tám, rất tuyệt. Anh có dự định làm gì với cây cối không? ngay trên mặt đất. Tôi nghĩ... Và mấy cây anh túc cứ thế rớt xuống đất. Hẹn gặp các bạn ở video tiếp theo. Tạm biệt. Tạm biệt. Tôi nói là lên đây, nhưng cô không... Cảm ơn. Yeah, hoa không thích thế. Tôi sẽ lên đó một chút. Hắn cũng ở đó. Ra ngoài. Tôi bị mù. Đó là điều tôi hy vọng. Anh biết đấy, ở nhiệt độ nhất định, phải, nhưng chúng vẫn xuất hiện. Oh Rất có ý nghĩa. Tôi phải gói cái kia lại... Ừ, đậu thường trồng dưới đất. Ngô. Anh có mua bí ngô không? Anh biết năm nay em không', '', '', '', 'groq', '2026-04-22T05:39:08.43087+00:00'),
('4f4ce42e-4712-4533-a489-b95fe943286e', NULL, 'going so beautifully again a break. Hold her something came along. Hãy subscribe cho kênh Ghiền Mì Gõ Để không bỏ lỡ những video hấp dẫn I really thought about it. I''m good for it. I''m good for it. I''m good for it. I''m good for it. I''m good for it. I''m good for it. I''m good for it. I''m good for it. I''m good for it. I''m good for it. I''m good for it. I''m good for it. I''m good for it. I''m good for it. I''m good for it. I''m good for it. I''m good for it. I''m good for it. I''m good for it. I''m good for it. I''m good for it. I''m good for it. I''m good for it. I''m good for it. I''m good for it. I''m good for it. I''m good for it. I''m good for it. I''m good for it. I''m good for it. I''m good for it. I''m good for it. I''m good for it. I''m good for it. I''m good for it. I''m good for it. I Yes! I feel like that is, this is like', 'en', 'vi', 'lại được nghỉ ngơi một lần nữa. Giữ cô ta lại. Hãy đặt mua dài hạn cho kênh Ghiền Mì Gí Quan******************************************************************************************************************************************************************************************************************************************** Tôi thực sự đã nghĩ về nó. Tôi ổn. Tôi ổn. Tôi ổn. Tôi ổn. Tôi ổn. Tôi ổn. Tôi ổn. Tôi ổn. Tôi ổn. Tôi ổn. Tôi ổn. Tôi ổn. Tôi ổn. Tôi ổn. Tôi ổn. Tôi ổn. Tôi ổn. Tôi ổn. Tôi ổn. Tôi ổn. Tôi ổn. Tôi ổn. Tôi ổn. Tôi ổn. Tôi ổn. Tôi ổn. Tôi ổn. Tôi ổn. Tôi ổn. Tôi ổn. Tôi ổn. Tôi ổn. Tôi ổn. Tôi ổn. Tôi ổn. Tôi ổn. I Phải! Tôi cảm thấy rằng đó là, điều này giống như', '', '', '', 'groq', '2026-04-22T05:49:09.041064+00:00'),
('7d0b5acf-5a5f-4b3a-b5a4-08f90073d247', NULL, 'I''m sorry, I thought I spoke too fast. Bye. So much stuff and then like Once it gets hot, I don''t want to go back out here. Can you like it a lot? There''s going to be something about it, like last year. Thank you. Good call. The round hog, round hog. What are you talking about? 7.24, you do it. Oh I very well said accidents have passed away. Thank you so much. But that''s how I feel these are for so long. Managing all of the graph. Stepping ground pause. When we stem in other places, it''s not that we did the job. for. No, we did not yet have one. I''ve released that elsewhere, one of the next jelly guys. Thank you very much. Thank you. I would not have liked that. I think we''d like to do a very strong one. What''s it gonna be this year? It could be anything, for example. Yeah, perfect. And maybe... This baby deer, deer''s done a lot of it. I''m glad you''re here. I think that''s what they do. We got rid of the groundhogs for like a half a senior. It''s horrible not to be dead, I have thought. One, I think I got scared by myself. I''m scared. Thank you. Bye. Yeah, I wanted to try and talk for a second about... Or, can it start being like, is that something that you would say that all of them can start in? Or like, what''s your problem? I''m not on the phone organic. It turns out it''s on organic cars because...', 'en', 'vi', 'Tôi xin lỗi, tôi tưởng tôi nói nhanh quá. Tạm biệt. Quá nhiều thứ và rồi... Khi trời nóng, tôi không muốn quay lại đây nữa. Anh có thích nó nhiều không? Sẽ có điều gì đó về nó, như năm ngoái. Cảm ơn. Ý hay đấy. Con heo tròn, con heo tròn. Anh đang nói gì vậy? 7,24, làm đi. Oh Tôi nói rất hay là tai nạn đã qua đời. Cảm ơn rất nhiều. Nhưng đó là cảm giác của tôi trong một thời gian dài. Quản lý mọi đồ thị. Dừng lại. Khi chúng ta dừng lại ở những nơi khác, không phải chúng ta đã làm việc đó. cho. Không, chúng tôi chưa có. Tôi đã phát tán nó ở nơi khác, một trong những gã tiếp theo. Cảm ơn rất nhiều. Cảm ơn. Tôi sẽ không thích điều đó. Tôi nghĩ chúng tôi muốn làm một việc rất mạnh mẽ. Năm nay sẽ thế nào đây? Nó có thể là bất cứ thứ gì. Yeah, hoàn hảo. Và có lẽ... Con hươu con này đã làm rất nhiều việc. Tôi mừng vì anh ở đây. Tôi nghĩ đó là điều họ làm. Chúng ta đã loại bỏ lũ chuột chũi nửa năm tuổi. Thật kinh khủng khi không chết, tôi đã nghĩ vậy. Một, tôi nghĩ tôi đã sợ hãi một mình. Tôi sợ. Cảm ơn. Tạm biệt. Vâng, tôi muốn nói chuyện một chút về... Hay, nó có thể bắt đầu giống như, là một cái gì đó mà bạn sẽ nói rằng tất cả họ có thể bắt đầu? Hay là, vấn đề của anh là gì? Tôi không dùng điện thoại hữu cơ. Hóa ra đó là xe hữu cơ bởi vì...', '', '', '', 'groq', '2026-04-22T05:53:05.999923+00:00'),
('a0146f42-4d2f-4239-8934-ac4611ee47c1', NULL, 'Thank you. Thank you very much. half a second That''s how I''m going to target her and her family. us, the family, wanted better education for girls. a law of survived gets happened. She continues to advocate for girls education. to gain a speech on her 16th birthday. United Nations. She wrote a book. I am alone.', 'en', 'vi', 'Cảm ơn. Cảm ơn rất nhiều. nửa giây Đó là cách tôi sẽ nhắm vào cô ấy và gia đình cô ấy. chúng tôi, gia đình, muốn giáo dục con gái tốt hơn. Một quy luật sống sót đã xảy ra. Bà tiếp tục ủng hộ việc giáo dục con gái. để có bài phát biểu vào ngày sinh nhật thứ 16. Liên Hợp Quốc. Cô ấy đã viết một cuốn sách. Tôi một mình.', '', 'She is a shining example of courage and determination. We can learn from her and continue to support education for all.', 'Cô ấy là một tấm gương sáng cho sự dũng cảm và quyết tâm. Chúng ta có thể học hỏi từ cô ấy và tiếp tục ủng hộ sự giáo dục cho tất cả mọi người.', 'groq', '2026-04-22T06:24:06.4381+00:00'),
('f204ea45-035e-4003-83fa-689b52a72f77', NULL, '2014. Well, I''ll allow one of the Nobel Prize Prize. Work your way. Thank you. I''ll stop it. Hãy subscribe cho kênh Ghiền Mì Gõ Để không bỏ lỡ những video hấp dẫn', 'en', 'vi', '2014. Tôi sẽ cho phép giải Nobel. Cứ tự nhiên. Cảm ơn. Tôi sẽ dừng nó lại. Hãy đặt mua dài hạn cho kênh Ghiền Mì Gí Quan********************************************************************************************************************************************************************************************************************************************', '', '', '', 'groq', '2026-04-22T08:07:16.97288+00:00'),
('5428246a-5a58-4002-9667-bef9250d3ef3', NULL, 'That''s the way it is. Thank you very much. Thank you. Thank you. Thank you. Thank you. Thank you. Thank you. Thank you. Thank you. Thank you. Thank you. Thank you. Oh Thank you. Thank you. Go! Thank you. Thank you. MBC 뉴스 이준범입니다. Yeah. Thank you. Thank you. Thank you. Bye. Bye. Bye. Bye. Bye. Bye. Bye. Bye. Bye. Bye. Bye. Bye. Bye. Bye. Bye. Bye. Bye. Bye. Bye. Bye. Bye. Bye. Bye. Bye. Bye. Bye. Thank you for watching! Thank you very much.', 'en', 'vi', 'Chuyện là vậy đó. Cảm ơn rất nhiều. Cảm ơn. Cảm ơn. Cảm ơn. Cảm ơn. Cảm ơn. Cảm ơn. Cảm ơn. Cảm ơn. Cảm ơn. Cảm ơn. Cảm ơn. Oh Cảm ơn. Cảm ơn. Đi! Cảm ơn. Cảm ơn. MBC  tôm hùm. Ừ. Cảm ơn. Cảm ơn. Cảm ơn. Tạm biệt. Tạm biệt. Tạm biệt. Tạm biệt. Tạm biệt. Tạm biệt. Tạm biệt. Tạm biệt. Tạm biệt. Tạm biệt. Tạm biệt. Tạm biệt. Tạm biệt. Tạm biệt. Tạm biệt. Tạm biệt. Tạm biệt. Tạm biệt. Tạm biệt. Tạm biệt. Tạm biệt. Tạm biệt. Tạm biệt. Tạm biệt. Tạm biệt. Cảm ơn đã theo dõi! Cảm ơn rất nhiều.', '', '', '', 'groq', '2026-04-22T08:12:18.096849+00:00'),
('f0a74abc-b842-4d69-8350-beb4ce548e0c', NULL, 'How to float Don''t call a tractor! Oh BOOM! I''ll see you all in the morning. Thank you very much. Cảm ơn các bạn. Thank you so much for watching. Cảm ơn tất cả các bạn. Hẹn gặp lại. Stop all of the trials. Cảm ơn các bạn.', 'en', 'vi', 'Làm thế nào để nổi Đừng gọi máy kéo! Oh SOM! Sáng mai gặp lại. Cảm ơn rất nhiều. Phải. Cảm ơn rất nhiều vì đã theo dõi. Phải. H vọng là tôi sẽ làm. Dừng tất cả các thử nghiệm. Phải.', '', '', '', 'groq', '2026-04-22T08:14:05.154238+00:00'),
('fcc6d036-d04e-425f-83da-bdc34426142c', NULL, 'That''s all you''ve got. I hope you enjoyed. I''ll see you in the next video. Bye. Hãy subscribe cho kênh Ghiền Mì Gõ Để không bỏ lỡ những video hấp dẫn Thank you so much for listening. We are here.', 'en', 'vi', 'Đó là tất cả những gì anh có. Hy vọng anh thích. Hẹn gặp lại bạn trong video tiếp theo. Tạm biệt. Hãy đặt mua dài hạn cho kênh Ghiền Mì Gí Quan******************************************************************************************************************************************************************************************************************************************** Cảm ơn rất nhiều vì đã lắng nghe. Chúng tôi đây.', '', '', '', 'groq', '2026-04-22T08:16:44.127408+00:00'),
('8e31ebfc-340f-451b-9170-de7c5aa6e4ec', NULL, 'Go. Now we have some input. So 4, 7, 8, 5, 6, Hãy subscribe cho kênh Ghiền Mì Gõ Để không bỏ lỡ những video hấp dẫn Thanks for watching. Bye. Hãy subscribe cho kênh Ghiền Mì Gõ Để không bỏ lỡ những video hấp dẫn Thank you. Thank you very much and see you on the next video. Thank you for watching. Thank you very much for watching the video. Thank you.', 'en', 'vi', 'Đi đi. Bây giờ chúng ta có một số đầu vào. Vậy 4, 7, 8, 5, 6, Hãy đặt mua dài hạn cho kênh Ghiền Mì Gí Quan******************************************************************************************************************************************************************************************************************************************** Cảm ơn đã theo dõi. Tạm biệt. Hãy đặt mua dài hạn cho kênh Ghiền Mì Gí Quan******************************************************************************************************************************************************************************************************************************************** Cảm ơn. Cảm ơn rất nhiều và nhìn thấy bạn trong video tiếp theo. Cảm ơn đã theo dõi. Cảm ơn rất nhiều vì đã xem video. Cảm ơn.', '', '', '', 'groq', '2026-04-22T08:21:05.041674+00:00'),
('a3da6d3a-8c60-4654-958b-5c619c6ea061', NULL, 'of adults refining. Researchers. want to study. 100,000 children. across the board. Let''s study. We''ll collect information. from before they are born. until they are 21. your polls. There are some... around the country. We''re here. and join. Let''s study. For example Researchers! at the University of Colorado. Hãy subscribe cho kênh La La School Để không bỏ lỡ những video hấp dẫn Thank you so much for watching. We''ll see you in the next video. We''ll study four thousand. Sure, great. at the Los Angeles. area. They also planted cutting 1,000 children. in a rural area. The end. to see what effect pesticides. on nearby farms. might have on the children''s top. Dr. Michael Bruno. is one of the lead investigators often. You know what? You know what? You know what? You know what? You know what? You know what? You know what? You know what? You know what? You know what? You know what? You know what? You know what? You know what? You know what? You know what? You know what? You know what? You know what? You know what? You know what? You know what? You know what? You know what? You know what? You know what? You know what? Peace out. Thank you very much. a very important child''s dishes. such as asthma and autism. preterm birth, and birth defects. Obesity and solitude. Oh, there he is. And thank you all. They want learning problems. The researchers will also document your health situation. more. Talk to you later. Bye. I think this story... to change the ways we look at child health. and development. The goal of the National Children''s... Thanks for watching. It should create a database. that researchers around the world can use. Dr. Hirschfeld. is studying director. with information. Cool. solve some unanswered questions. We have knowledge now. with many of the most important factors. That''s good for us. what you''ve got health and well-being. and development of children. But that''s it. with the foundation. I''ll watch the course. We''ll be right back. or I don''t. Why''d you do that? from the study. We''ll keep you waiting. I think it''s possible. The information. Could we? new policy. Oh', 'en', 'vi', 'của người lớn tinh luyện. Các nhà nghiên cứu. muốn học. 100.000 trẻ em. Băng qua bảng. Học thôi. Chúng ta sẽ thu thập thông tin. từ trước khi chúng được sinh ra. Cho đến khi họ 21 tuổi. bình chọn. Có vài... quanh đất nước. Đến nơi rồi. và tham gia. Học thôi. Ví dụ Các nhà nghiên cứu! tại Đại học Colorado. Hãy đăng ký cho trường La La ▫ không b đóng băng băng video _GWW Cảm ơn rất nhiều vì đã theo dõi. Hẹn gặp lại bạn trong video tiếp theo. Chúng ta sẽ học bốn ngàn. Được, tuyệt. Ở Los Angeles. khu vực. Họ cũng đã trồng Cắt 1000 đứa trẻ. trong một vùng nông thôn. Hết. để xem thuốc trừ sâu có tác dụng gì. ở nông trại gần đó. Có thể có trên đầu trẻ em. Tiến sĩ Michael Bruno. là một trong những nhà điều tra chính thường xuyên. Anh biết không? Anh biết không? Anh biết không? Anh biết không? Anh biết không? Anh biết không? Anh biết không? Anh biết không? Anh biết không? Anh biết không? Anh biết không? Anh biết không? Anh biết không? Anh biết không? Anh biết không? Anh biết không? Anh biết không? Anh biết không? Anh biết không? Anh biết không? Anh biết không? Anh biết không? Anh biết không? Anh biết không? Anh biết không? Anh biết không? Anh biết không? Hòa bình. Cảm ơn rất nhiều. món ăn của một đứa trẻ rất quan trọng. chẳng hạn như hen suyễn và tự kỷ. Chuẩn bị sinh con, và khiếm khuyết sinh sản. Ám ảnh và cô độc. Ồ, anh ấy đây rồi. Và cảm ơn tất cả mọi người. Họ muốn tìm hiểu vấn đề. Các nhà nghiên cứu cũng sẽ ghi lại tình trạng sức khỏe của bạn. nhiều hơn. Nói chuyện sau nhé. Tạm biệt. Tôi nghĩ câu chuyện này... để thay đổi cách chúng ta nhìn về sức khỏe trẻ em. và phát triển. Mục tiêu của trẻ em quốc gia... Cảm ơn đã theo dõi. Nó nên tạo một cơ sở dữ liệu. mà các nhà nghiên cứu trên thế giới có thể sử dụng. Tiến sĩ Hirschfeld. đang học đạo diễn. với thông tin. Tuyệt. Giải quyết một số câu hỏi chưa được giải đáp. Giờ chúng ta đã có kiến thức. với nhiều yếu tố quan trọng nhất. Điều đó tốt cho chúng ta. những gì bạn có sức khỏe và hạnh phúc. và phát triển trẻ em. Nhưng chỉ thế thôi. với nền tảng. Tôi sẽ theo dõi lộ trình. Chúng tôi sẽ quay lại ngay. Hoặc không. Sao anh lại làm thế? từ nghiên cứu. Chúng tôi sẽ để anh chờ. Tôi nghĩ là có thể. Thông tin. Được không? Chính sách mới. Oh', '', '', '', 'groq', '2026-04-22T08:31:24.76028+00:00'),
('f451cff9-f5ba-4355-a518-f716875c4288', NULL, 'Where are you from? What''s your name? My name is Joe. I am. Very tough. quality. and be there. pharmaceutical company.', 'en', 'vi', 'Anh từ đâu tới? Anh tên gì? Tên tôi là Joe. Đúng vậy. Rất khó. chất lượng. và ở đó. Công ty dược.', '', '', '', 'groq', '2026-04-22T08:32:31.205204+00:00'),
('029ec7c2-7871-4831-aff8-9c6925816bcd', NULL, 'It''s the VOA Special English Health Report. one of the largest health studies ever done in the United States. We''ll look at environmental influences. on children. It''s party will examine the many environmental and genetic factors. that affect the soul of... children. and the adults may become. Welcome to Susan Hirschfeld. at the National Institute of Health. is the study director. Test projects have already begun. And he tries the main part. of the National Children''s Study. We''ll be here next year. Our goal. is to understand. how you can get. that helps you. Most robust child to develop and do a healthy. and contributing members. of a dog.', 'en', 'vi', 'Đó là báo cáo sức khỏe của VOA đặc biệt Anh. Một trong những nghiên cứu sức khỏe lớn nhất Từng làm ở Mỹ. Chúng ta sẽ xem xét ảnh hưởng của môi trường. về trẻ em. Tiệc tùng mà. sẽ xem xét nhiều yếu tố môi trường và di truyền. Nó ảnh hưởng đến tâm hồn của... Con cái. và người lớn có thể trở thành. Chào mừng đến Susan Hirschfeld. tại Viện Y Tế Quốc Gia. là giám đốc nghiên cứu. Các dự án thử nghiệm đã bắt đầu. Và anh ta đã thử vai chính. của Nghiên cứu Trẻ em Quốc gia. Chúng ta sẽ ở đây năm tới. Mục tiêu của chúng ta. là để hiểu. làm thế nào bạn có thể có. Điều đó giúp anh. Đứa trẻ khỏe nhất để phát triển và làm một điều lành mạnh. và đóng góp thành viên. của một con chó.', '', '', '', 'groq', '2026-04-22T08:45:13.014711+00:00'),
('c7f77c71-ea3b-4ab1-b9ad-9317a36f442d', NULL, 'This is the VLA, Special English Economics Report. many children first learn the value of money. by receiving and allowance. That''s what this is. The less children learn from... Period. at an age when financial mistakes are not very costly. It''s about the money that parents give to their children. Bend as they wish. differs from family. Thank you very much. Thank you very much. timing is another consideration. Some children get a weekly... Allow. Others Get on month three. allow. I don''t know what''s going on. All right. should make clear what is anything. the child is expected to pay for. with the money. At first. young children. may send all of their allowance. Do after they receive it. if they do that. They will learn the whole way. That''s spending. must be within a budget. Harris. are usually advised. not to offer more money. until the next allow. The object is to show young people. back of budget. Thank you very much. Thank you very much. Thank you very much. Thank you very much. Thank you very much. Thank you very much. Thank you very much. Thank you very much. Thank you very much. Thank you very much. Thank you very much. Thank you very much. Thank you very much. Thank you very much. Thank you very much. Thank you very much. Thank you very much. Thank you very much. Thank you very much. Thank you very much. Thank you very much. Thank you very much. Thank you very much. Thank you very much. Thank you very much. Thank you very much. Thank you very much. Thank you very much. Thank you very much for your time, and I''ll see you in the next video. between spending and saving. Hold your children. may be responsible enough. to save money for larger costs. just like clothing or let''s try. many people who have written on the the subject of allowances. that it is not a good idea. to take your child or work around the home. Please stop. are a normal part of family life. Paying children to do extra work around the house, however, can be useful. It''s an even. provide an understanding. how a business works. A lot with you. children. experience the things they can do with money. They can share it. in the form of this. or giving to a good cause. They can spend it. Bye-bye! a point. or They can save. and maybe even in breakfast. Stay safe. help children understand. That''s costly gold. required for the fight. You have to cut cock.', 'en', 'vi', 'Đây là bản báo cáo kinh tế đặc biệt của Anh. nhiều trẻ em Đầu tiên học giá trị của tiền bạc. bằng cách nhận và cho vay. Chính là nó. Càng ít trẻ em học hỏi từ... Chấm hết. ở tuổi mà những lỗi lầm về tài chính không tốn kém lắm. Đó là số tiền mà cha mẹ cho con cái họ. Cứ thoải mái. Khác với gia đình. Cảm ơn rất nhiều. Cảm ơn rất nhiều. thời gian là một sự cân nhắc khác. Một số trẻ em nhận được một tuần... Cho phép. Khác Vào ngày 3 tháng 3. Cho phép. Tôi không biết chuyện gì đang xảy ra. Được rồi. nên làm rõ mọi thứ. Đứa bé được yêu cầu phải trả giá. với tiền. Lúc đầu. trẻ em. Có thể gửi tất cả tiền trợ cấp của họ. Làm sau khi họ nhận được nó. Nếu họ làm thế. Họ sẽ học hỏi hết. Đó là chi phí. Phải có trong ngân sách. Harris. thường được khuyên. không phải để cho nhiều tiền hơn. Cho đến lần sau Cho phép. Mục đích là để cho giới trẻ thấy. về ngân sách. Cảm ơn rất nhiều. Cảm ơn rất nhiều. Cảm ơn rất nhiều. Cảm ơn rất nhiều. Cảm ơn rất nhiều. Cảm ơn rất nhiều. Cảm ơn rất nhiều. Cảm ơn rất nhiều. Cảm ơn rất nhiều. Cảm ơn rất nhiều. Cảm ơn rất nhiều. Cảm ơn rất nhiều. Cảm ơn rất nhiều. Cảm ơn rất nhiều. Cảm ơn rất nhiều. Cảm ơn rất nhiều. Cảm ơn rất nhiều. Cảm ơn rất nhiều. Cảm ơn rất nhiều. Cảm ơn rất nhiều. Cảm ơn rất nhiều. Cảm ơn rất nhiều. Cảm ơn rất nhiều. Cảm ơn rất nhiều. Cảm ơn rất nhiều. Cảm ơn rất nhiều. Cảm ơn rất nhiều. Cảm ơn rất nhiều. Cảm ơn rất nhiều vì thời gian của bạn, và tôi sẽ gặp lại bạn trong video tiếp theo. giữa chi tiêu và tiết kiệm. Giữ các con lại. Có thể chịu trách nhiệm. Để tiết kiệm tiền cho chi phí lớn hơn. Giống như quần áo hay thử xem. rất nhiều người đã viết trên chủ đề của tiền trợ cấp. rằng đó không phải là ý hay. để mang theo con hoặc làm việc nhà. Làm ơn dừng lại. là một phần bình thường trong đời sống gia đình. Tuy nhiên, trả tiền cho trẻ em để làm thêm việc nhà có thể hữu ích. Vậy là hòa. Hãy thông cảm. Làm ăn thế nào. Rất nhiều với anh. Con cái. trải nghiệm những gì họ có thể làm với tiền bạc. Họ có thể chia sẻ nó. dưới hình thức này. hoặc cho một mục đích tốt. Họ có thể xài nó. Tạm biệt! một điểm. hay Họ có thể cứu. và thậm chí trong bữa sáng. Bảo trọng nhé. Giúp trẻ hiểu. Đó là vàng đắt đỏ. yêu cầu chiến đấu. Anh phải cắt cu.', '', '', '', 'groq', '2026-04-22T08:50:16.605227+00:00'),
('c84cfc2c-3ed8-42c1-a9e0-56f5558e049f', NULL, 'Hello, my name is Hope.', 'en', 'vi', 'Xin chào, tên tôi là Hope.', '', '', '', 'groq', '2026-04-22T08:51:10.727373+00:00')
ON CONFLICT DO NOTHING;

COMMIT;
